cookie_id,score
ck_315fb710a0e371e7,0.0018394803414502425
ck_a76ee3b3e3e522fd,0.12039848364092011
ck_94c9a4d382689e82,0.018822214368659513
ck_8eaf9509ad9462a0,0.007978050863078881
ck_9a88a5a989cb5bc6,0.013938665182525544
ck_15239ef0689c1a35,0.0068605009821195405
ck_8de69cd219d3b87f,0.22889748072978658
ck_f92cd37022b0ce21,0.027333992504882648
ck_1a3ff7620580a514,0.004712943675054713
ck_397c03aa33a57310,0.0831599538862584
ck_a7cf6c3b322f6b7a,0.059634793895648665
ck_c39a9e75760e3201,0.05656500162119247
ck_88ab6d245228c38e,0.0039396029320549
ck_17733f75ebdea93e,0.04902354243116355
ck_58eb871e8d7bed52,0.019156549612705884
ck_e55b7fa67db1ec27,0.008789768112108349
ck_62f5cfe22c952694,0.05352239546039427
ck_7fbb709a0fe95759,0.006743433632515855
ck_87abe9cd066a20fb,0.048548871119338234
ck_d58e058b5c553dd5,0.018796737326183015
ck_d27b872648b71202,0.019181867956949802
ck_4b4a3c5b95c55b43,0.0033738417836966274
ck_66dd4f4b4127256d,0.002555895735052565
ck_93cc12703b500613,0.0172366312722105
ck_d28806a2179092eb,0.996953390950782
ck_0595c2a0c7881e05,0.020443323426010105
ck_50087d8666191144,0.012146735957080547
ck_b08b3f089138c901,0.013471964352715192
ck_fe3b67041dad2dd1,0.026784972947539655
ck_8449a28f7d475d93,0.02646018878351445
ck_8642e3b6d84f49d3,0.032512106213206965
ck_e49b5e4f2f2e79db,0.4434995486417935
ck_437afe412ea4259c,0.14901690151564556
ck_569b83668d74042d,0.08204995582669959
ck_233a487d31c3e631,0.9924542898104913
ck_1fca72e03143a645,0.44894694978929456
ck_79205e31223df2ad,0.03571643838024034
ck_9625a64406ea16e3,0.03574428542675534
ck_079bd18dacb704a8,0.1351922224639046
ck_4db6d4fd2b49aa81,0.01444779264658817
ck_0dbefdac0a1868fb,0.011770030236698453
ck_24ff97ad90bdd69a,0.054024216875784896
ck_77f8c5042065d506,0.006790702513000245
ck_f11be8ce05382cec,0.059147016392232896
ck_c9d72140b0389216,0.04509793371947703
ck_69eda24e931fb36a,0.0021367833840723427
ck_ed471e496916ee15,0.020164878296076372
ck_ff090498c4b17ac3,0.002880403323220328
ck_c3c19d6a0720915c,0.016662247700138733
ck_af02e1817cfa40b5,0.48789853759436475
ck_2df5a9fc87553eb1,0.0052263818911674085
ck_4ac918e884cff336,0.0429079106230872
ck_ca149244b54ef3ad,0.0017196593552953005
ck_6babe5b8674ff51f,0.008293595511046765
ck_1573878386886290,0.009093700441051353
ck_3925f8565abb7fe4,0.017966326863686034
ck_c4de808ae69c771f,0.0045136578604880045
ck_a777c813551281fe,0.05085020712153635
ck_df4424f6dd85080d,0.06848625760509988
ck_85e5494ec20383ae,0.02742770449761491
ck_f71a4094e889c3af,0.02175066039807447
ck_f2f3cf9cd23b2809,0.035230194542323554
ck_18e2076397bcc211,0.06817993298070249
ck_c9f9fddef39bc664,0.04019887065478202
ck_7e826e233d6ea028,0.01506626025808903
ck_62fd7eb46bee9210,0.02435729379069265
ck_206f8e3cd72768f3,0.04275863940939307
ck_aa295a11b0a6ab36,0.0038887993532620694
ck_9a56739d81f84a53,0.017533691655578425
ck_aa075c418ed9fe5a,0.046539948292373054
ck_62b9fb3db284941b,0.03134560324648417
ck_f4f83b1403ebea46,0.012993082650301637
ck_16b66bd803288bc3,0.501724554753371
ck_c4ca1434f3778f1d,0.9938344976742411
ck_1b823610371a29c0,0.012161555943101898
ck_c2bd5a722aa637d9,0.05988565350149601
ck_7890208951df34f0,0.023516524930115034
ck_020eb0e454524ecd,0.006049591235778336
ck_3b66196ccf436c35,0.007891510855064917
ck_109fc467ec0a4af5,0.08957575638874507
ck_f3dcd818db92de7b,0.031810384024185456
ck_31e7742f160980ef,0.01462441095707828
ck_77fce5f86f00b8f4,0.1992418753695197
ck_46bc797b4d07d607,0.008173845670807667
ck_37899b1b571b1c6b,0.019011554080849057
ck_ef8a6af43fedd464,0.01174423123261199
ck_bcc8519fe8521038,0.020761240951354388
ck_90696b7182dd9129,0.011088795344321448
ck_4a24ad61d017e1ba,0.03730955481400247
ck_0acc3d8c67218b9d,0.14054027552850024
ck_05c97fc9de11aba6,0.16801122717733602
ck_f8ac3a0500c0ec62,0.010279753134909598
ck_617b65141f546a1c,0.042463477938471016
ck_9d00823bf60388d7,0.039602114863602954
ck_123c15d93f1840f2,0.14812232154467278
ck_573feefba6bf78bb,0.07549292354074545
ck_b25657bd16739036,0.004959979230092608
ck_bd26d2bef14a8597,0.008054848537784917
ck_a553418f2fba1440,0.0035638062995887614
ck_89f3e380b0686963,0.016320097167060354
ck_b359192aa659bdce,0.007466161547943402
ck_02241f3dc301bebf,0.01295943006067325
ck_5ccc1a1c78cb33ee,0.04621313669609015
ck_349cc5edda1b8853,0.03210055521484194
ck_e9f228845bf6e28b,0.03585802564436416
ck_0a45d033d4e280ea,0.11050416538540521
ck_7e63168dda612235,0.0014019638682651633
ck_676fa5f6aae5475b,0.048857739234662335
ck_74b502b20690ccfe,0.00590723591111471
ck_073509af21dd7f5f,0.6713506111723035
ck_498a0acd450944d8,0.009230190644783821
ck_7f15b50b29dead01,0.05995775338567934
ck_8089fe7403c5f537,0.02192728599098361
ck_05b2b04e11d9ae9c,0.013669739015039185
ck_31e70f2f04b48b88,0.005430918928267094
ck_994316fa5a02b319,0.005380573105555775
ck_b76510998b9a2260,0.017488280110248673
ck_4db95c310e105d30,0.016554726280406613
ck_6f730b77dc6cdb84,0.2391105611120643
ck_2493ee8e7b91d304,0.02181744180452672
ck_92d679d6ac7dcdcb,0.16836427288735334
ck_3a0e0200cbb185cb,0.23627223265824243
ck_0b2eeb4e00ff7955,0.037599655458222116
ck_9843d0e61c37ebe8,0.9942842167046133
ck_e61c8721e3ef1921,0.0070765762272561325
ck_2e0eedaaf2980c2c,0.10737199335798206
ck_9036b2e5e9298a34,0.24346027863049025
ck_3265442528d51728,0.0582301644632276
ck_f2ddae2eb1cb29b4,0.0472005474107666
ck_6cfa71d27fc27f92,0.013872589834847406
ck_f3199fbe84a28b9a,0.05402369941240573
ck_b78d785ca3ef773a,0.011354124255080447
ck_374865697f1480eb,0.01239610143160475
ck_06d0e4a9189302a9,0.024928409254849123
ck_9c9884b9bcaa552e,0.1720989919729871
ck_fd4cf578e87703ff,0.062412209628854444
ck_1917ef3e6e345549,0.06282521072841776
ck_e70418b00cbbbac9,0.06699713590948447
ck_a60388296a47062c,0.036740424279912975
ck_d598fe8d2c779ab9,0.012972017090897904
ck_646dc03de4c31803,0.4559740572602117
ck_e4fd8cbd842b6993,0.013623888464767047
ck_2225b555aa2a42ed,0.020908909306326544
ck_6be8ae9d78148882,0.007589183939231201
ck_4199342d3aca74e8,0.0828816606130166
ck_779581adb573261f,0.023746580361734604
ck_bb303568b6915205,0.015891958133818263
ck_17c4296276448afe,0.07764776810406859
ck_a60a61ac829252a0,0.004567908037955624
ck_6ea70950c1cae00b,0.8133047079079224
ck_1abb93f6924645e1,0.01396759116949787
ck_faab769cce19879a,0.022121681458844585
ck_d5b8e74e7ca6355a,0.010960079599530105
ck_f11f7691af16ad07,0.010578306315891652
ck_188fdf2be7c92e9d,0.997744477574472
ck_4a103f8254b366f7,0.07287316135595344
ck_bfa17a0b1760e616,0.002170236665775334
ck_a4d7f6a5869d440a,0.7375013273289489
ck_58e20f5a3e7f11b8,0.9273403959999852
ck_4becdd3d2696c7ba,0.008138859755879387
ck_dad5cf32ab9f243f,0.045110080132765566
ck_7d9f73dc7c4f90c3,0.09390790356125527
ck_c19371047a2d011d,0.028290989839180318
ck_247589ff532f7aa8,0.0035442402525201707
ck_7a9f241d5f082567,0.037903177181621964
ck_0a2b7078736b4dda,0.005234949718254414
ck_687b412e2aac7eb6,0.04046403714932126
ck_fce0b6855886a0b8,0.009363449874986657
ck_e291cc60920456d0,0.032286043593220286
ck_04219a7ea798db51,0.04665271140419981
ck_286bfd719836e9f3,0.12322921125628537
ck_55efc92394fee232,0.013316838460573938
ck_e36c8da1bd359960,0.016205878512851005
ck_34b0988a97d96902,0.006465688348522019
ck_e0fb11fc9dcb34e6,0.0036517465059590385
ck_bcc9cbc9ed8b7c31,0.021659054442963722
ck_3df8da6f60a89a5b,0.02094624196026485
ck_b1495ee5c59a6b28,0.024587184534767933
ck_58f4c3ac61fda129,0.013302400981833405
ck_735f244b99e3aa8d,0.01402044414032053
ck_6b93bd8abf87b1d6,0.8733924127815959
ck_12107dacc6d05bd1,0.01630464884166597
ck_f96db2a1f3448d1f,0.01123905127809078
ck_8fd91a3c99e19097,0.029809864941501483
ck_910205d25388a0ae,0.01094881131420526
ck_d229dfa0e4442628,0.023845238024860146
ck_7cdec61e1c488798,0.01364631913703563
ck_f66f06e24ff32671,0.024596541887385352
ck_350bf14e90b503f5,0.011395096298968375
ck_61fff5fdaadd394b,0.009260440550456099
ck_e934f984bad2ff91,0.654448943623435
ck_ff6a6d3547dd2d37,0.05837224911045532
ck_65ad9b15979e3247,0.01200206294406938
ck_bbe1a2ea5a403ad8,0.5200937681280099
ck_6f3a28eecd2c4031,0.017011677654264867
ck_a89b66665714058f,0.006781822927739519
ck_918c92182b6817cd,0.03881129880709091
ck_64f5eb4be9e7b8fa,0.08006591385046691
ck_d021fd497ea35fb2,0.017690154018591104
ck_004de16f7d8a42ae,0.023953026459752377
ck_a33d2325f86ab12d,0.01251489174984517
ck_89790ff26c844bc6,0.055038908852606296
ck_e6e7257377c37b28,0.08634999040948044
ck_a2cc3910a641a808,0.8793012275587148
ck_646e270e0195bf05,0.023722572587751088
ck_baba5d66def0d770,0.0702666790545059
ck_67cdcdda3033842d,0.22838819435993696
ck_b5c3075c811a2216,0.024558897022043228
ck_515379973a8044b8,0.09338145999264548
ck_c0ce85fb4109567d,0.02237078376823284
ck_fef850553862aaca,0.012592996804218853
ck_55d7217b0aff9fa2,0.020323804871447457
ck_8e139f8925ef7968,0.009401207285053132
ck_9e35b908fca1e4d7,0.017510757524639473
ck_59735f4ab2ad3da5,0.01933089353693258
ck_dc569c1167ccec0d,0.49659535164463336
ck_1dade5592f90a15c,0.02025397907175462
ck_793048d11fb8b328,0.12542609332813304
ck_545b71eb4fa594b5,0.014521143840125749
ck_bd30853e9a57b544,0.023432604351579917
ck_59f46321ecf6d306,0.015556656356899224
ck_260cfe9141d249f1,0.09129992770296501
ck_3365a0ad1a8aa83c,0.002658965425498725
ck_b0ef193195a2138b,0.012397121787281985
ck_0f909705e2e60f2f,0.023296793012857656
ck_5a540b75c866166a,0.017148386071398403
ck_87c26b2f41025109,0.9966557310972413
ck_27acc9f320cda104,0.2586228817568089
ck_a27bc31eecd9cb9a,0.010457526060580124
ck_115d86fabde77b65,0.01199894080331243
ck_eeca179341d56f8a,0.6771356221160237
ck_8e5999c436cf037e,0.012530049026025914
ck_510e7c5df1f95d90,0.9874654124795378
ck_f1acf73363925958,0.010858855373053233
ck_3c177f5970b68bd3,0.013844522796264245
ck_9cdfaa1c30cc9d32,0.010772049244505895
ck_c8efa1538b37c359,0.04519896349664006
ck_a8a2e296f9804bd7,0.017942754185693726
ck_91a0ca45f429568d,0.028974021549738785
ck_5fdf8a0bdbd3ed62,0.012867745172735246
ck_0f4e2ec66d50da5f,0.010164946329914356
ck_28c53b214b2ee882,0.13379023574323062
ck_003148504557f720,0.08186636517012462
ck_01d840cffb870615,0.0771864742115036
ck_555848d51f4b5f35,0.027594166347089454
ck_df20cc23b8fb8e22,0.041173355809796156
ck_f9604adde929beff,0.03885814042025011
ck_d66952b03591bdec,0.030990836913265037
ck_ddcac1ab765ff61a,0.02517354227351246
ck_347386629d96c664,0.019564941737524898
ck_ab01db9117acfe3d,0.01533659694468364
ck_58e5359efc52e0ad,0.06430459577594891
ck_1a524b5cc8da71b3,0.08867302679863794
ck_e9287b6d909d731f,0.012471935722395605
ck_bb41a66e3d90263b,0.14204329067943522
ck_e95c8cc1864bd584,0.00965927140559864
ck_7a3f2961e9a8b6dc,0.15344471797426235
ck_378a9df82b1e0bee,0.18832473686252277
ck_42633573639a3f02,0.9120375055131354
ck_2a5a4c18c2c7274b,0.019048434247467133
ck_77549c1a41f837c3,0.02377780771861808
ck_a26704b5b26258b7,0.017027991318787666
ck_9874ad160efddf50,0.015449857057492718
ck_9111e3a04b14dfba,0.025046756581735226
ck_651e076ee43aea85,0.04719332599995392
ck_391639c0f13932f3,0.025059912010752618
ck_02dbabda93c8c13d,0.017942754185693726
ck_0adcb1fffcb0a34b,0.030094240611456147
ck_7a43ef9c7b1c67b5,0.0024440063570344344
ck_4b9dd69946438d0b,0.007363244360852587
ck_90bf017cdd37b66e,0.037229480015241984
ck_61c74163eb36556e,0.004869545515756401
ck_13376c59b5bd6943,0.011519832737853779
ck_62337eccb1672737,0.049824576707629735
ck_16077934338472bf,0.010960881578500063
ck_0d4dfd93086e7330,0.30782861462877564
ck_3865b7525b910893,0.021818371663235834
ck_7e2ae8b69ebd5675,0.006132747746977065
ck_b4384b6c11766ce7,0.09713513063015962
ck_3d7fa32dfb9fc692,0.058351014011006536
ck_f4a6a7cadd6e0603,0.3501423059478943
ck_212525e2828a6c45,0.2480916438013432
ck_33ad8d53394ba77a,0.33906432767358874
ck_a5051eafe8b51224,0.028087949972587026
ck_f65e5ff7da565f91,0.01955985862306481
ck_5c37f7563fa7591d,0.008024218859970194
ck_f1e0a006068aff29,0.011474498417953727
ck_c646cdead6fb79d0,0.00482077594450222
ck_f8b3cdffef535330,0.19143410424043278
ck_e5cdbe3aa12c97f6,0.004489257684498088
ck_986e4e61440506d0,0.031940591775183574
ck_6da9c5912e15d9a8,0.0776269280342015
ck_51d842e6dae74c71,0.01613366972956204
ck_5fc65c24e0736d5d,0.782643549843897
ck_babb95a76c69509d,0.041677583087080965
ck_86a2d852a9715432,0.018887798507726476
ck_db4083a0d043def8,0.10338809188642961
ck_96953b8945b7d403,0.009602726902976377
ck_7831ca5c31fb3859,0.08913375398047384
ck_60ac5e5f375daa38,0.030064220621882694
ck_05d44eb1f5f085ce,0.015595551287403484
ck_432cc19c7eeaa46e,0.020551387270968263
ck_7fc513033af061af,0.024603553024103993
ck_ada6ede84c111719,0.046068334504574954
ck_6343e0d3b1c2962b,0.054063245707901726
ck_010264ae04f2e902,0.05008377385595202
ck_e9dcf535f8c289eb,0.07478966874208524
ck_37143d9cc296e6fa,0.04308984471311706
ck_61fa051192f3e810,0.05809108442109034
ck_f9f93d1d41be1468,0.3482519487096538
ck_c4f4f28457be8a74,0.00851614619072257
ck_323a71f9452d21cb,0.5430739147827217
ck_170f4688e0acd875,0.18476931064452642
ck_869b1878d09d230d,0.3491375835264413
ck_2f6b33bf46976229,0.01675274696674382
ck_b11e22e75d9b99de,0.01452894526772421
ck_123d75ffb75b606d,0.08266489135490188
ck_94295287a04c85d2,0.1025123231903965
ck_1b0434f096795328,0.0055835222968528934
ck_0a4e191cd0a57ce1,0.02915671780271363
ck_d2fbd0df99634676,0.04319929591577449
ck_d51df5e9fbbbcc94,0.5100941302710781
ck_2d3d7d64a6f443f8,0.013912164656797078
ck_731943c682c9394e,0.11684219712292933
ck_5ccc0c94e5e1f849,0.03818548028382918
ck_c3476080516db25d,0.013689029573074824
ck_5010ffb1c94187b5,0.0032899738008257346
ck_7ef666d67bc70223,0.017074222187839442
ck_c1b493527224a27a,0.022340948462848568
ck_5d1e25d7acc5af9a,0.0057546618779042305
ck_ec30b61cbf517db8,0.01894945903775004
ck_79323eb5d2e5efae,0.0038840769670242243
ck_4085cd3bf2661518,0.010394731905867897
ck_2ca91214c357c072,0.13056971772011217
ck_7f3132d6be389657,0.0894238467014401
ck_e7a6b925c8f39a85,0.1655906106870478
ck_c886adec7bac250a,0.0513736654611542
ck_c3f360c2d0ea0a37,0.01430199203150773
ck_a7acd5b015823793,0.01622117390889365
ck_9d64187c0800f84e,0.013612509696573844
ck_5d4ed73b9efd7d11,0.01386553537601441
ck_874eca6776b34dec,0.033573626764266985
ck_96a9221a87be93c3,0.011091169228736713
ck_68dd79a51eabf5e6,0.19294165335906258
ck_8311cb6755b2016c,0.008358704158176893
ck_16fc77b2bcf5ec03,0.9273802208984632
ck_ad9e2088a33c8c72,0.015435233935366449
ck_7176bbc97b1e42a1,0.029206049967823427
ck_80dfa54b30f65fff,0.7990188162013039
ck_31c54d540b128843,0.10324297682658708
ck_43ea894480567274,0.017256563527607117
ck_9c9e8a38bd5a6c88,0.03692854617229554
ck_1c2dcae19539e148,0.12196152918689364
ck_b0fa8b84e94d8ae0,0.00881222328851148
ck_4ceb43ccd0a81c2f,0.008042362852539573
ck_ba845332b730b596,0.016090356979979098
ck_73d3e8c6077f61e6,0.09830072779820083
ck_b5d0d223ef56473f,0.03486041311981825
ck_949f08f8e80e93ea,0.008525138570822767
ck_73de0b49709e5f8c,0.0049826578142863
ck_b5935e9722a39819,0.0200817638906407
ck_96247fee0eb44420,0.011825258942730671
ck_a6def1e4b2d57e0d,0.06704016194504561
ck_aecdc5a96321a2d8,0.02414958959352129
ck_bc61c59970f8de49,0.01398097669692284
ck_c43b4175fc9ac5bd,0.5800150076748394
ck_8ff7a9b23a55fd62,0.007409825516522409
ck_20c99b645f462449,0.0019403082565356679
ck_a5ce2ae36fb410d9,0.010880465760414963
ck_96fb9bf556842bbc,0.011281507424030267
ck_b5e4c6dbbed1b773,0.018136836662475925
ck_2085433978e72ea9,0.22015793250415866
ck_2c6b174b063ec637,0.025403355790505882
ck_b20b81b88dabe28d,0.07157638798309267
ck_243c18dbf150831c,0.04208582612054341
ck_2bb6a17e8eee35cc,0.028380581253396892
ck_66147fb994495396,0.14793233743830692
ck_73f124f075ede0fc,0.0053184477724255745
ck_2e315f1b1e533dab,0.06000274232344991
ck_16c7bf94ed3e7a6f,0.002564479083963323
ck_4a0eae220a762ac5,0.018475787009782068
ck_dc16f939c2f44ad8,0.07061464722403554
ck_817926b449754917,0.012946194937549725
ck_0c0dde42ab64ef87,0.018469895835162467
ck_cb3a40594da6a2ee,0.022193069283908365
ck_d0dc156441fcfdcb,0.028215500889419414
ck_66f0945add423e9e,0.07312972633297933
ck_a74f6a3030f5d495,0.060315427500382005
ck_1ae460f331e49ae2,0.03346962443200177
ck_2d177b2f4f0b40c9,0.26647124467633027
ck_92e474e4368c4791,0.01372097463742271
ck_3dee83fa2d109484,0.02325063809520074
ck_80e5ea27848069fe,0.015705707331205836
ck_ed0c4a83701ca230,0.05981814011010025
ck_0b8b7c5c581fd161,0.007247764349081643
ck_60bf8a2870956fb1,0.025403355790505882
ck_73a54b56a2bf35fe,0.31974740492717796
ck_2296d7a563424883,0.008759366363657454
ck_bc19c383560c7477,0.014744594582341794
ck_861d8e3d88f1079e,0.01656711270844667
ck_3f090fc96c24eb28,0.006470869507969151
ck_9a6a1f8102febfca,0.016141648780854802
ck_541b6ad5d2fa5a39,0.022827729428564054
ck_a760d38d1bc4de97,0.019823567997577254
ck_7dca4d7ee10b4eeb,0.0033546601265143938
ck_15220e78d1545e40,0.03219084231187485
ck_ca24bb0de508efb0,0.04334593297161008
ck_56b389627d8f02c5,0.9974180095720763
ck_48a6754977a44db0,0.07137061196386289
ck_333a43ec339a04cb,0.07132507671833177
ck_f22aacaf86a65d7e,0.03889767193300388
ck_04bd8a1ffaf3ffd8,0.027799622868016037
ck_2737a72de6b700f3,0.0682807021440733
ck_c35e03b0dd0c3454,0.012306860260616377
ck_e0571312f395cd94,0.018525889259165165
ck_09fab6b9825001b2,0.017880307792470743
ck_18c3a095606209e8,0.022993235701752338
ck_2a97db9377d01e36,0.004825006358265175
ck_f29dbbfdd2786bd1,0.012363595676664708
ck_35d6c510ad29362e,0.3057875823035551
ck_5468fa99c945d785,0.010165072203725449
ck_6f8102f62c876cc9,0.057723486497589106
ck_91955aab3424ad16,0.03534287169441514
ck_9a43c0c73a39d759,0.02274271677106605
ck_60b023af6d1e30bf,0.17056136916774148
ck_9704c5cf8659cedc,0.014746167044424626
ck_7e5f02b51b9f78bf,0.018646635142057343
ck_7d3a88d1aa649708,0.9307844648527748
ck_8250eddc1ecb07a0,0.0573242395258011
ck_d979ef95ee44023d,0.029663196560427138
ck_5e5461dac83531ac,0.024416475623090194
ck_d1bb8890081e0a31,0.046135612906987776
ck_32246c62640648d9,0.0021846032153652693
ck_77a40c7d2f862a32,0.10730497433849753
ck_1c8b94efe9238f5b,0.01416524994898148
ck_eaf3b6d11bc3cb11,0.03020009724470622
ck_a4a7ef3ad799c380,0.24408251873769218
ck_d5bd8f68da073cd8,0.1163402184480688
ck_6e6258227fc8db7f,0.006343285467564472
ck_c35d444e05799db6,0.00992747226505911
ck_74665e1209140ae8,0.05657080118719703
ck_353a272478f7e903,0.041021127532161916
ck_a2c9796ea229a4e2,0.0331549872632696
ck_e0171f91cb3411fe,0.01638597947046672
ck_703499f5410280f7,0.024392941708380605
ck_ae3a763997f8f385,0.017034447555373766
ck_f7ff94c3df5ac874,0.019646145220713764
ck_f3c16d8f747db046,0.056151199544129206
ck_7ef019ed77276496,0.014995764904637917
ck_d6a4faadab58a3de,0.007501364629569599
ck_ba7b78d31d74c794,0.04619288136067416
ck_36287d063350ce9d,0.026938065394167668
ck_5177fc7137ff26ce,0.005231522946685748
ck_dfd4e79aaa967b63,0.006548866613369744
ck_fb44d15fb93a7157,0.04014179278143935
ck_fca478361870a4ca,0.095829052439672
ck_e57b94fe57341058,0.011930324568079569
ck_5448c946cc4758fe,0.015511266354744943
ck_c5ece5ffb8800ad4,0.005293061671112008
ck_11cb98211b2ed134,0.7464528474492381
ck_f655399ac75c4450,0.017094001942512062
ck_c817259019588d30,0.05631538473596718
ck_8740a14d8096c6e1,0.04483693842060378
ck_0c5ba86f4e05b38d,0.0050912905209097555
ck_ccc917533d4b73d4,0.00947550430840942
ck_9eb80edfa43203de,0.025887945401794003
ck_d1a1cf4cf61d6801,0.02629006325727548
ck_b17c239f160e6017,0.010053678233399683
ck_410c3e13b48e0415,0.012173133859416114
ck_ab553954435e8854,0.28036475993111576
ck_bdbb4230c91e1604,0.009029647900381941
ck_8fd4937eadd64fb6,0.09685444855542805
ck_e0e90b196bef3c11,0.03705818223204653
ck_3dc4d464386f0eb2,0.16789851712353482
ck_51bbbf8f8e8ad005,0.997514487766446
ck_c05737ab74cf03c6,0.10186450051017974
ck_dceabbe04d99afc2,0.01249527356218854
ck_5b86fd14e85bc9c7,0.6509194976491144
ck_d4febf0083800424,0.1703625409519991
ck_77d9f86dcf251739,0.04629303254834364
ck_b4dcebc543deaafb,0.021121675084101527
ck_cb856e75c949b0cc,0.00508761393715869
ck_61b067de8ffc1ca1,0.1256449957081034
ck_c0e8560ccfd9dd9d,0.006697698162734668
ck_173e1198c341087b,0.006783875412596952
ck_b4d55bc809000276,0.01936191080413263
ck_839bf139296b5cea,0.013336179418099326
ck_78cd402a2a4f2e35,0.016793317281955558
ck_c2925c50ebacbdba,0.008725301862396805
ck_5e3bc76eddbdb0a6,0.013150430438596672
ck_b7793edca26fc512,0.01021700853714895
ck_d79bdf04d6f31cd5,0.031555389053205964
ck_4b97d19ed946f503,0.015073830823473137
ck_37139b41c5370523,0.02543178723065277
ck_8c346eeefa9ce692,0.026980315105741767
ck_2ab7eddee2d8c49e,0.0041373358525960855
ck_29da59ea3bffb9d8,0.11980973128231402
ck_c1d05ef0ec6e4be7,0.008738322340119207
ck_3882423b449f6291,0.5725509044985309
ck_5647030283171ed5,0.4973806591258166
ck_efbdcd9c181e72ca,0.013545909301340812
ck_192fdad892782daf,0.1654102638756853
ck_0bf2e13b9f2601ac,0.10794684394939864
ck_3d6046a533057795,0.004405896782739951
ck_279a1d3a3836e5cc,0.05952079425826966
ck_c375e929becde422,0.00812447112493475
ck_a59e90219939a1f0,0.012471935722395605
ck_4e9fba1ec54c3ff8,0.024422482620262535
ck_bcbd8588a13f5eef,0.004598297439367165
ck_5f9a7ff990341bdd,0.023915847595160137
ck_e0403d507519b7d2,0.017163846790390704
ck_c9490cb61aff5112,0.03360049605154941
ck_41dd44308e6a665a,0.1929438325742457
ck_76c23726cd7ca947,0.010279577679468547
ck_9be551300209fa83,0.011308392155352204
ck_a98848eec6c9581e,0.009754778344258976
ck_61176dafb33b2d8a,0.9040053772354829
ck_92de019e05971ce3,0.028455565010879806
ck_5d644224135d7c65,0.01382845918212447
ck_c767fc454fa215d0,0.006364469817239922
ck_5df85a8924e11f27,0.044633004491565736
ck_da2729307af06ed5,0.05054455464497026
ck_7c6b577174af7a78,0.009981274094377629
ck_893b8afbe11301e1,0.0077358199161295235
ck_e06f6fed020ae014,0.015712737582995313
ck_386680372fb54857,0.039859257364979535
ck_7a7f3c4fe0c9d2ca,0.07279077752111682
ck_f908b527c4db422d,0.03740728150479941
ck_ec2eee6a133e9a6f,0.03768892788327345
ck_d98934f9fe0b02b3,0.02003398119863787
ck_398a1ed77b0130e5,0.007918755938767869
ck_d960af7a55b892b1,0.010901892125387974
ck_4637e54a9f79e2e7,0.049691586190359086
ck_02b9f418524f6650,0.007055662109417085
ck_d4b23804cebb045d,0.018153806640082034
ck_35b1939c48182a9a,0.016866760072604275
ck_2dcbb71e39d64305,0.0183790632967402
ck_47a884dec960ff2d,0.17934538972813455
ck_71fd8c346fde5cca,0.14901755683572612
ck_98e1992ac8e7d2de,0.01598534828195866
ck_ae7780327e210522,0.030398607481553954
ck_e6c584b4b1ad6d9d,0.012050370116436206
ck_344b2e326a6c3dcc,0.030423785884005437
ck_9aa899a5230b0963,0.05450543831373281
ck_e48d14d5b70ef5aa,0.017862989212478857
ck_59d380a0973b3951,0.012626330674540198
ck_11318f7c041a5ba9,0.0036421120477522816
ck_7061786fe2f22f5a,0.01924019905188767
ck_e77529651c416cf7,0.007384564931803094
ck_7f79878197340435,0.0210879478045768
ck_b0a0fb0ee9ebf106,0.021563662334431053
ck_70c7679199776a90,0.02650122796106219
ck_b9facd2210daca5c,0.08178138420930212
ck_9949f53c155b8dde,0.003707769824443697
ck_1c607e24f2c4397a,0.016605922170375747
ck_aefd1ce3ce093cbd,0.001880903607777946
ck_5a29b7018e43280c,0.015371035926553171
ck_69eb0b2ccfbe5f95,0.019317397383979956
ck_fe037765aa465c58,0.006947682796454393
ck_5e512ef5362a3dd6,0.03912407496429458
ck_544a9e80b7fdc279,0.03331311590908305
ck_7825494e654d5695,0.007625024997588431
ck_f1f2c3c623553f0d,0.0011957879116521112
ck_52730906e5b461eb,0.8349453856332539
ck_01e0689157fe9617,0.04743364526919778
ck_9da82e567074da9d,0.007008906226011486
ck_6a17384072f904c0,0.004452889096805985
ck_8d84d771a21942a7,0.018510960004225467
ck_39638880292782a7,0.03490054282272279
ck_7d51c86e0eec72ac,0.018427921135521115
ck_45f4c821c70d134f,0.7027024370714516
ck_0af3c13ba56ce57c,0.03311013424518351
ck_0789a05e061b2784,0.46893886065291496
ck_6ba091eb42ffa9fb,0.18688785643369207
ck_265accb3c5c32620,0.17010619719478612
ck_179039559ff7566c,0.027605227644696098
ck_17c0a6a92b5765cf,0.010282971686800433
ck_59371c9140239fd7,0.01644828246855834
ck_f9c4f8b4ce2691f0,0.01068155094022114
ck_a2637e4872cf4811,0.16371495736512331
ck_1de43fd6c6c22a5f,0.05700220866229627
ck_6e4f31bd108571f0,0.022884571963867076
ck_da06d97db0b18851,0.016611848923538786
ck_e0346d5081e640e8,0.04823225382431547
ck_c1c7d4e62c9fcded,0.03685839323863803
ck_2595669e421299f6,0.028153464540523587
ck_3b6057d51fd4c7d6,0.01273247144153635
ck_c5f8ab515840a0fe,0.01652253112230467
ck_435cb24538c6f77c,0.02725796374891229
ck_d84b5403da4cea7b,0.029330291095666015
ck_c2b61a98d1c8f6dd,0.10525837195999406
ck_c9dcd92b2f836b61,0.21435981391207456
ck_9eb5b3f5f672c2b1,0.01240144027735551
ck_e4cf189a8d31649a,0.008725301862396805
ck_6b114f2a48152b96,0.03307127856214563
ck_3fb95862b70f505c,0.03336084029748175
ck_7f780f465c29398e,0.029026731456285437
ck_ee387f9da79e67ea,0.029744645014179942
ck_fa3b1e85d27af2ee,0.03274196021441566
ck_e739eaaa7a1822f2,0.04930026915726144
ck_dfa0ac11fcb1dabd,0.012923859279499234
ck_6e8751b571ea54d1,0.016159333054916587
ck_2d695f8358383092,0.022531423298927943
ck_e7dce27edb700f27,0.011312430095139018
ck_e322da8b213eab52,0.00409046741874206
ck_d0b32e039abb8200,0.010679933622016897
ck_b354003302b272ca,0.005275582319409389
ck_f7485cba392bc294,0.07905809975842479
ck_d6a290ff8362c7b9,0.05302116160573974
ck_c56a44fe315c0389,0.013738078520761341
ck_f77dfe6512eae322,0.05243576091404084
ck_35fe969c58b9e70b,0.052295935909473824
ck_4c518637db2322d5,0.0955981908323636
ck_cb61902798ecc4fd,0.04513979276195071
ck_56e6cfa32156a916,0.012471935722395605
ck_343e6ed2b9d35c01,0.0068298981615772655
ck_51440f64f7250ad7,0.007828616296275731
ck_295bca29c34cfe2e,0.008663703629646798
ck_dd30558576b45e7b,0.012496516054466517
ck_3a30132a57181fe3,0.045136754309546945
ck_4a733aeb833406f4,0.0029410049156426065
ck_1b0b7c3d35ab1259,0.019681897443200043
ck_962c3bbf27cd4b80,0.06829034316210782
ck_9528e1d6b1707870,0.015083704884017987
ck_b3263e7f31aab45f,0.037612002141119406
ck_e69195a3c885053d,0.0025796176089654286
ck_a907fa8795cd4baf,0.003891201362509086
ck_205c3405045bd835,0.009043178439329605
ck_e81fc223bed3c46a,0.030320442157204346
ck_363751deae40edfb,0.05205761704990945
ck_6176baea8cbebbb6,0.011147632225438247
ck_633e6579f5c74a5c,0.8019377313837563
ck_ddc11fc481eef58d,0.032178364743873235
ck_e975002c979e12c7,0.045833906922893526
ck_8e039b23acaaac00,0.030642950407885186
ck_1d6990d94a4d2ad6,0.009881680871661629
ck_e7b583acaa3171a2,0.03266930981613302
ck_c0133f60d39b2fb5,0.016968052689680265
ck_7d6bff85e7a694bc,0.030343475989339584
ck_d305b4d82f63f647,0.013366150645459597
ck_22bd0fc71f95e048,0.03371734955173262
ck_9a65fcfc7916f93f,0.0014710188474328031
ck_d61c837b0106085a,0.05654671860841941
ck_be86a1db08dea456,0.030931135609469012
ck_90489c405e6886d8,0.042588857710589983
ck_0add2c321d579d75,0.025403355790505882
ck_482dea6eed92cbbc,0.014007193231324383
ck_c24b47184534cc2c,0.9927282104151348
ck_fa04ac31e596e7d6,0.0052411758131204415
ck_084322dc5a3a86f0,0.009135054802645304
ck_ccb72a33cc1877b7,0.018739190341785412
ck_afaf374009d3b248,0.031894372580152014
ck_b53084ffede19a8e,0.013265511150438176
ck_4760216154c8cac2,0.13180214944695157
ck_37ad3a65db673e70,0.02254641596817895
ck_0c2932cc0d553694,0.032970981892496205
ck_86b853c52f20fef5,0.0044546241762158075
ck_38703b7546d35a80,0.011526934590173983
ck_218b7e6e6dbd2da0,0.016841034574691018
ck_402db4184982fdf5,0.014841384547152829
ck_f917c82af80e4a79,0.058141995913116924
ck_3c6417a233c68c73,0.014814498679465138
ck_98068c397d70dd3a,0.03401019063318436
ck_b1cbd6679c0f8d95,0.01336449597308039
ck_9e962f9bb0e7bac2,0.012056379759129356
ck_b08247c3ad567d92,0.6353068843116786
ck_3ef7a03ebb81cfe3,0.007846544344034341
ck_5d7ae0e3562e99bf,0.04407953580437608
ck_c91a628236baf91b,0.1191813322992279
ck_7f8e816ca51755e3,0.43877272304667275
ck_5aadd286d188f5c3,0.014509823794298488
ck_a037aff5f8128c73,0.003081691088655305
ck_5df6529ce8290906,0.008046921398484327
ck_5f3609511443e5a8,0.07149062596920748
ck_a6f61864fac3c8fb,0.006895181729682337
ck_2733fc6ba23ae46e,0.015919369662023425
ck_22bfb9246646eb41,0.21463922226511326
ck_bfc2a57d8fd1610c,0.17377797865688965
ck_49839e761d0e74e9,0.007894010134589308
ck_aa4ba931dd37481d,0.12072819868702633
ck_2f9fa0d61829f815,0.007998689926680035
ck_5b82c774df10d49b,0.0033242347041696754
ck_411219470d0a195c,0.01764088368399323
ck_d07485ba10514a2d,0.2528674213808174
ck_219bef979ee21bdf,0.011208107835525848
ck_eb1006e7285184a6,0.011465904343735584
ck_fd242b18575e3063,0.008970772146341278
ck_95188150ff059c70,0.012888422195463262
ck_a9ca2f447b984a6a,0.00866687841393457
ck_2dd39723c4088b64,0.01096204801307341
ck_aa2b4c662ff213b6,0.05353003276697868
ck_1867b1199c864db5,0.055035075449028935
ck_850ec97a5a0dab9a,0.43287180100749445
ck_562320295fa35875,0.03146415318246698
ck_bab5759b07fe2bea,0.004867088039137994
ck_b9f1465d803e57b2,0.04792054638462454
ck_8f21f2690c32c691,0.07645138240782647
ck_df87d6f61a63eb21,0.022216913100687023
ck_770475876d0e7e6a,0.033926823157840805
ck_b4c014d5c0cc9eb2,0.014644791278751668
ck_3add4d23124c9290,0.02822253827752578
ck_bce5b7fecfb6264d,0.06515936688704926
ck_604c17cb97dc89be,0.03278039487056063
ck_e52cbcd9aafd26b2,0.010720063318942975
ck_0ac9114076f5bf3d,0.03568236821056611
ck_dcc125b178b79566,0.0036957327835180484
ck_4e333c09f0c37dee,0.06693428744354131
ck_ff7e31ff8ba731e5,0.007613088534465746
ck_8d0532d24f1070d1,0.01254460778978844
ck_3689fa41748a6f6b,0.09425618562487163
ck_7509eb97c1948b16,0.04051071325023574
ck_a9161cf1ca22a6bf,0.009187815799747564
ck_bed3e3db135b782e,0.07446070545167778
ck_9040edd974ef8e3f,0.30298993981532674
ck_fac32d76ed40f683,0.010719433557977387
ck_3d7b1078e2d57c69,0.0038347909337892445
ck_dae09c4e074af5dd,0.5106924157075977
ck_fd84507228467b40,0.29952134299955707
ck_e2a2ce9b8cf44c63,0.03861709498059181
ck_cbe716f351d660d4,0.003855505842360001
ck_cba4162ef29a6d27,0.02907165735262537
ck_4f1e962ff8a29732,0.03881767041645928
ck_39a81899dded61e4,0.008690751526691099
ck_25382331551d22a5,0.04629217147542326
ck_6d64e1c07b19856e,0.025206000760762685
ck_165a868bdef28ad3,0.07329603210641666
ck_88774ae52e30e877,0.01906958489249737
ck_fc7a9d0643570053,0.016123843132559896
ck_c2017120b3b88a46,0.0426606706770712
ck_d115ac6b9fd62a7e,0.008543945866021809
ck_439cf7d51ec7de0f,0.013577642510718042
ck_2468a7e9e68a0927,0.004998287482608402
ck_7c418947124dee8f,0.037226388985139004
ck_fb0cf32c4a56f740,0.027931710919177333
ck_694eb6c43193afd4,0.020443281607864308
ck_993beb188dd4abb6,0.024398822575558057
ck_77fa39d3b733c226,0.04123583622378135
ck_49969a9abc47cb69,0.011771392898227368
ck_d3f44bbe2f7e9b2d,0.008482079145701465
ck_fcf5b8216d0c18ef,0.013207798235803111
ck_daefe1e2d2bc362d,0.002217240172052014
ck_9c9287cb28950eb6,0.1361329511778177
ck_c1d1a625b885a975,0.055924508597083526
ck_71b37fe47490b4ba,0.003625518211312242
ck_5d16e257c0635f7e,0.4089948241857924
ck_15918075563eb074,0.01667081876712856
ck_9a15fdefc47e8d11,0.06554440951707248
ck_6f04d047d1dde75e,0.002094388794958634
ck_1af2c0b3b8d202c1,0.004124176172410231
ck_174be2231c5fd2b6,0.006527798740473799
ck_bb0713a2a1d65982,0.0390158204252974
ck_0daec63bd5b0729d,0.0205038893331574
ck_c0b5cc3e8ad2ff44,0.023977443840176242
ck_35bee1fc12664644,0.12358294873615597
ck_a1c7cf63467df4c2,0.005059733534162086
ck_ecb1e15f0b185ceb,0.02636311032504923
ck_f280d31f54a4710a,0.030920750403742286
ck_30f4b2ee8abe1342,0.031132858123672585
ck_66bed631354de5b7,0.005084639463879859
ck_c2d3ecd7278eba2c,0.007618968211076027
ck_e901dec0e09eccbb,0.01821768595269461
ck_5d038ecb3c8748a3,0.007792484836146641
ck_283c5bea94b21e80,0.006570847111920194
ck_7956c251b85f009e,0.11429132413998286
ck_9f5f81d771146aa1,0.0050144581992694285
ck_9323e6fc1e168eda,0.5542710734237536
ck_10495d3a635b8d69,0.0595261103149927
ck_1982d571cd36eb0c,0.016413591259739093
ck_4f5d7985bcc2eda4,0.032375889741489576
ck_7df526b2b4410bb4,0.015294467502974423
ck_dbb498b1a346a402,0.019049864984126634
ck_ef059997563e3330,0.0068486810698824485
ck_02ec4e06709e6b82,0.008119114896403167
ck_9782c86ba6485f88,0.009958540000831623
ck_d69de468b44143ca,0.012602694132286787
ck_6430a8792f400e0a,0.00801529382294363
ck_8285bd3c90af94f6,0.01081628082844228
ck_985c9ca112000e9a,0.018433222525806616
ck_e679fbf4f4f4aa07,0.045932209047564704
ck_016e8c8eaf9d511b,0.07040876768642218
ck_bc996c523944644b,0.007980531256227542
ck_5b8315726f6204e0,0.035986097273359
ck_78181f8e998e442f,0.006592326720907188
ck_71c68dfd011dbbbe,0.8887334712716692
ck_db32c95ce2b6f502,0.5680105224248825
ck_755010362a9b1bc4,0.0071163112464950225
ck_114141d85256c9ff,0.0029534436172027907
ck_9d1a5cf5a3b87e48,0.010431697093096437
ck_ab640420858ab5c4,0.08949572280277192
ck_97a8dac48dd62488,0.35842644551748803
ck_879cc3166fe1bada,0.014271712966576517
ck_b0ed11080076e381,0.012471935722395605
ck_7334a9ec656263b2,0.012963830623762617
ck_6494f0ef13ce44d9,0.007844970604202882
ck_724e459b9ece38f4,0.05685890498586971
ck_7fd8b1470401695f,0.6577448616237379
ck_292f81186358b0fa,0.010225146876943527
ck_fa7de64d37287615,0.035479343321347376
ck_d00e09e66ed6458b,0.25936176084048984
ck_b8d210e741be186e,0.004324578945787707
ck_3db59982cbae4410,0.04035025341785499
ck_69887d0a9aaca6df,0.002018145603572925
ck_4feb21e2fb0b3977,0.004466659232386037
ck_08c6cc1e143475e3,0.014520667512299162
ck_fe6e168cdbb46b9a,0.1047963379736134
ck_07f1734be7fac56a,0.03807665716585294
ck_d66d59981307db93,0.11909115970036892
ck_f928dba0d587d7c1,0.008903334874859746
ck_786448fe3004cbd0,0.0046887278503509955
ck_29ea329fa40ace62,0.019138434383067914
ck_7ea52b6f27edcb73,0.05442940231635503
ck_18bc51bbf3ef198e,0.05831301978169125
ck_44950df09ff14ded,0.015276223959324774
ck_c1466b52c0a10b93,0.024262032872435307
ck_6cdac067cc4db5c5,0.03661253626348546
ck_53f55c6e8cf2d432,0.007565625812865793
ck_95945f48453ca532,0.019999792173699342
ck_87cce4126e215153,0.014302567535181337
ck_1ecd5516c92caa4f,0.008933678609587508
ck_819b482bca14c068,0.2901868273671529
ck_a61a879dd46fc9f2,0.008035779256366431
ck_af70aa32c009c3c9,0.012043985530007868
ck_f4fe78e249092ab1,0.023015755347177872
ck_12c46bc52bf45b36,0.01587555014083409
ck_f05f5e4b40afa52f,0.06206539283283824
ck_0f8cb09d3f4fc980,0.04116705410950394
ck_80a64a7f0275a71d,0.011598555179703336
ck_683af7b1540a0b22,0.03148344535123625
ck_51fe0b613c076cbe,0.010257599175745386
ck_da1a2450219dcf19,0.03887081987693111
ck_2a7eba01ceba6c2c,0.019361116546154394
ck_4e329e29dfa743ea,0.24334217021058155
ck_0274d881d6db82c8,0.005368519413695949
ck_0af5b7d128035b35,0.006404874647977413
ck_ae0a7be6b0a0ea68,0.03358673734728465
ck_de5bb7a4d091386d,0.28465618401232334
ck_2bb7c17168a9d17d,0.071895335226634
ck_0ffdff7b2f5fdfe4,0.04976235590768111
ck_718a8390b3d42d7d,0.012493910269020421
ck_7c4f12d70f184533,0.00892943470920357
ck_d3e2c26b8adff099,0.009503507910070767
ck_ac9d3d9754104cf0,0.015415610730275713
ck_3b1766a1d51f8f0e,0.2563154819760937
ck_a9bf75bea912027b,0.026967279438272443
ck_687eab3ffe1f8cfa,0.025403355790505882
ck_25dd0b02af5b2f37,0.058839816512712896
ck_1747fcc466f0ae38,0.016730376671394015
ck_f6e9d14dfb6f3c28,0.01843599971299504
ck_c6a7bbd0adc4d5f3,0.045707150756732436
ck_46656a23f4456d22,0.7664851611476889
ck_7519260415c2998e,0.015261971953367794
ck_754f30ea19df857c,0.05434395682626317
ck_ba88a244d5f7380f,0.01240311971084328
ck_f268416945316815,0.025403355790505882
ck_21860dd2159dff28,0.03620162927595609
ck_7a86ef4e2beaec38,0.00820406862836394
ck_0414507baeea936a,0.022542595448964503
ck_60796eb60fc3043e,0.023531087632323436
ck_1e0841ed17fe0562,0.02647168627871303
ck_0d641d32658d6e0f,0.05524720459392636
ck_b36086ae6d87eec1,0.0047194016040094915
ck_962e65ab33b5c311,0.8767938160312039
ck_b046a42684468e63,0.019462210445407788
ck_ab3426435b0017d6,0.10155180331255603
ck_fcfe06e44d09a344,0.03848758345597225
ck_0f6d916c92189516,0.010875698940597258
ck_d4c8f0d957c3965d,0.02873648039791066
ck_2ca83dbd728af019,0.010230847339915253
ck_2857a4ce9f72fbfa,0.049957260393930565
ck_a60e6edc48e3d0ac,0.4372499127057531
ck_0cbd3b27063d4415,0.07419743278190419
ck_612089ec90c37219,0.03281036877788155
ck_ec4e597f17f473c6,0.01052277649811277
ck_1c93cc58f314bf71,0.01769836603171552
ck_2b359a979520276e,0.028667332456777415
ck_1496568ddc3b2d56,0.01787233883629205
ck_41d91dc9f5063566,0.024093917584837133
ck_4c5ff58afe3d7a67,0.02117467378010908
ck_81709736281fa3eb,0.04394619014318116
ck_d89abbab3d4957aa,0.02207684284945797
ck_52453401f88935da,0.040026938606372825
ck_a477654d34783e06,0.009189125705046479
ck_72dd0dbdf808cb00,0.03985266797078949
ck_c183dff3781746cb,0.05035588982601595
ck_c8b7f241810b45e5,0.00986044237130929
ck_f88028c3f306bc70,0.03626408784160481
ck_91d48d69e4f5d9c2,0.0106089600446783
ck_b74b9ba6d7c9aab7,0.2540892199493415
ck_03e904682dc73bba,0.017057859959187627
ck_fc6fed6ea96a004a,0.005649243351304294
ck_51efdd240e34c642,0.07231432870141251
ck_e78ab4ff52b5fd2d,0.007644073631261398
ck_4af7b97c24d89a45,0.023069764189279307
ck_295c0072eca7f7a2,0.008017392233313055
ck_8abd1a50a9227463,0.027809192767737873
ck_ecaa6f13304e3dc5,0.018986629312066333
ck_de436e7b319be1fa,0.994913253643991
ck_c802cf8f61466027,0.016858671502658615
ck_3d83e0a3c1cfbf8b,0.015997655745315253
ck_28d2003c2d16e4b6,0.00376404542449204
ck_8ddaf745bbb9cd62,0.002419208797282412
ck_493b6256091014cd,0.03584342598750868
ck_a2245822cfea997d,0.030677456146689784
ck_f7305b3c64cf8a03,0.007247420967729045
ck_9937dad93a0ed3c1,0.10187253245981792
ck_d654449f9231ad76,0.008507858947600809
ck_850e2b59bc535490,0.011209843890046919
ck_e55e5bdfc0242aef,0.042800344183134824
ck_d35c51e981b98c5c,0.008677283991758407
ck_27cdf9c5e6f0915b,0.038397712413296536
ck_d328db1e1052d820,0.009854752495197428
ck_0ea30eff5f361cba,0.04632812760240204
ck_9994323f97109f4b,0.9958054617359723
ck_09054e97bdf9624e,0.010769117796986558
ck_723b4afc388113c8,0.019575223380999544
ck_588f6e6a6a6d93e8,0.02282574773397635
ck_e1d563fab4d6116a,0.03919783590345118
ck_53aca610e20598bc,0.008820933345228002
ck_c8131ddc7ed33448,0.018136836662475925
ck_899f88464305824a,0.020554869226350497
ck_1c17c65804f8889e,0.01300832247499675
ck_45a16ce12893cf9b,0.020909933125979607
ck_f9d481aa4f9b2808,0.3655140283129376
ck_1d5d74169cf892ef,0.010718115965837594
ck_aba32acb61c1aaca,0.07906949662749425
ck_ec4dd3675a8d28cc,0.014354463223217947
ck_5dcd443fe0bbdeac,0.020622540121412555
ck_3a47e3f54475e854,0.008962464265355925
ck_a9aa5c344c315532,0.013493592301380674
ck_9652283c9f61fcec,0.002441612725621098
ck_752dd3d2487f78ea,0.013572405178430074
ck_a821980ac4db9943,0.33769592294568834
ck_93e0d6befb67f7a1,0.027613476123487114
ck_e7a3881c3e36bd51,0.07714800824013096
ck_12631b78f8a03df2,0.010129673980078326
ck_57b8226610b48854,0.06092875512961444
ck_352657008983fd4b,0.02468102077109433
ck_0841a5c24fd3dd28,0.015134209579637342
ck_db9b9d5d30f74070,0.4093289471516937
ck_a9dded7f6294e44f,0.10941572856252801
ck_91a16336ce3217dc,0.02498001407525484
ck_371bd9388b287677,0.0038079695288031927
ck_f285e5e1912a7c62,0.02771532076180958
ck_368b65fca69fc415,0.03755553280676572
ck_d27a73596b6500c2,0.026465749956782705
ck_2d963f9b2c4d11e1,0.030354799241384216
ck_7c500e219af39486,0.07984914698384964
ck_7d025dea5951cba7,0.012622383838165068
ck_32f632706608859e,0.002751905438016218
ck_53816231f3ffb48d,0.020106742772820065
ck_9dbe184e81c1ca8d,0.03196869227658526
ck_d74123617f22a21e,0.07098054059414108
ck_275386782b1606f8,0.01011418885293416
ck_0b0e79d33e50cba5,0.058303878992128924
ck_ba93cb604f792915,0.02505442735112923
ck_a86cd653472eccbc,0.014402294302450621
ck_87771861e0447210,0.2570691604606549
ck_212380e0371d8a6d,0.016911088287512664
ck_ef0d702d7b0ed745,0.011269439081380499
ck_2b8f33e22f939372,0.5364264470773953
ck_480347ad92037105,0.03846955110318922
ck_20124c3a16c53ce4,0.01972624936351518
ck_c9e1e3229baae708,0.006512836041186987
ck_b1befe967f7a5ebf,0.03327637246983818
ck_4672167d7c989bbf,0.03976224935056767
ck_f0c44ee5e3a42e3d,0.10335889690933547
ck_c416357d20238a4e,0.10702038433361777
ck_d0f470f8078c91df,0.017921071202059883
ck_3a70b4ee59084715,0.08434714755540752
ck_179ed66cdfc1ce27,0.006813325167452664
ck_387e5a7f163c7837,0.017231862820404648
ck_08fb463e69f647c8,0.9871935919791226
ck_732f725747393ec8,0.012234989268999257
ck_7cc5e0fa3ca5a713,0.042584257553826124
ck_ad4a4daa826ac68b,0.040024194568368886
ck_472e0be7a3b533bb,0.038767975423471344
ck_7190177963eafdd9,0.009730988156922207
ck_647ac26c5900f082,0.017602929030369287
ck_272ae2179bbd8e58,0.005762289519181711
ck_09b0d8af304646bd,0.0067023895515384855
ck_ca0cc8ea9f344408,0.014553172676785936
ck_332ad134fb909869,0.007574560225473921
ck_fca2798914627dc8,0.038784945100963315
ck_4450b55f462ae134,0.004043721572956729
ck_d67d9dfb60b286b9,0.013926489096776956
ck_a9d2bb4f2bde7052,0.012965613659353104
ck_929bcae878a3ecb3,0.1481389484625308
ck_59a9e000fa275e1f,0.04633185034071187
ck_57f17254e2688637,0.049779093433853644
ck_0508908697f60ce3,0.12161552789050861
ck_946afc2943298d26,0.0019353224912875458
ck_7176d12b18f2cc0e,0.012838375611113093
ck_5c47b49c26cce286,0.03998993250135481
ck_b6a2bdb2d335e1d0,0.9945430208705252
ck_1d58f6caaa4d012c,0.013009938806641672
ck_71c917295020ccc7,0.01586559492860666
ck_bc89644ae3688995,0.026315724521052547
ck_e7c212f16d6df272,0.018571807528182
ck_c6d2e11a368184e6,0.006011972766777871
ck_eed7f1f7548df15b,0.2019166154007182
ck_75b69034000ca7bb,0.026703070410308977
ck_38da3bf629458682,0.004806287430256995
ck_90114c891239d821,0.035644024156284676
ck_8ee08f6777cc155b,0.017195598895365673
ck_bd86132499defcd0,0.01026726006554822
ck_b95fbf2b5640aa82,0.006648325635994164
ck_c530235393360e3b,0.023290138146138867
ck_be52a7ec43241ba4,0.04964949372909975
ck_d96eb3cc55f2772f,0.025403355790505882
ck_dd34f0a844fb115d,0.3818988789688615
ck_17cc7b411f448e66,0.04833812515489947
ck_856ea65fa27d06dd,0.026987881213781227
ck_056d5f0301c30902,0.35780479967660694
ck_e662b14b2bab23a2,0.05302110148275913
ck_209f574c8d92274e,0.00979335034973287
ck_62720b81617896cc,0.010446153269719425
ck_041614694b77e599,0.018632124164230972
ck_461e3f7b97db8d16,0.03378418855348188
ck_1b74b798eebeabdc,0.01658371203723117
ck_0ed2739384f1d644,0.0036899648500948474
ck_5a4d19f1b83feeb8,0.0016808222847424284
ck_463937167965a1f8,0.01637452528991831
ck_9d7151dbdf100e0e,0.02573048322330849
ck_20a7d1ce6cc27312,0.015757377480579284
ck_6031211ff118cf0f,0.01064721584100716
ck_a6fc92aa91e99b77,0.515513276453196
ck_0aaaa9d2f75a0518,0.02042081755733104
ck_ec26e327cc1848b2,0.006999773587550555
ck_0e6bebf8ae9b9b03,0.014816427118691224
ck_e107537a4cb738f4,0.008725301862396805
ck_e8ea56e122a5a487,0.008468727267618215
ck_98149ed45d38c4d3,0.10671903656316349
ck_0e719b3a6906b8f1,0.003569475496152728
ck_0c6e7bd357e4a348,0.005214618555385351
ck_d3b2b250da61db19,0.8970523224589452
ck_8bb6b0a292754576,0.016853828735662903
ck_87d70f5fe48a6128,0.10583080720988529
ck_ea9edf9c107d429f,0.02872283683604751
ck_059806c52cebe4f1,0.31638497613131233
ck_a72d6df666e1c21c,0.032593598210047064
ck_1d2b80ab6c4944b9,0.00651569234756956
ck_60557f077abc42ca,0.31958454731801533
ck_e5f5cb7dd6ce4a37,0.04142442105006757
ck_4c4a939154446053,0.019591667106409288
ck_50ede3eb561a202c,0.026852725870292866
ck_6d03a542922b2ae8,0.0201572017696677
ck_d6fe761ed0db3270,0.03782496822085455
ck_7f0cd6ea3096f985,0.017518738532768245
ck_23edb6d938a3b87b,0.09790103798186525
ck_799aaf9f2b9ef621,0.009381825289088609
ck_f8f6a03613b6dda8,0.012695558523543236
ck_7cffb189f4f514ec,0.9527341100663679
ck_c081e1967dcd811f,0.02574388052053762
ck_583d6ca78c97d91e,0.5596773572972061
ck_9332bbc7125219a7,0.006807635539148377
ck_956b5af6d7d86c65,0.4670177291216403
ck_2d634e3f24681c0f,0.03194726974455861
ck_7b35d218ed0c5a60,0.009997118394894951
ck_ca5b1057f8248f73,0.02624195270786411
ck_ec5ea81cf813597c,0.011174685391294807
ck_eaebaf4d28400fb8,0.020321478930756382
ck_ae2ab6be219219aa,0.007181430478492471
ck_d99a8b4c820eb46b,0.06806150690916973
ck_bcfb7ffb7cd428bd,0.02125173421253333
ck_3dd542c2d31be2c0,0.025637455257837807
ck_c7dd84401e29a7fc,0.015918581161480035
ck_c4bcc7cefd40f8e2,0.013922832350580701
ck_c251898b5d51e3b0,0.015360509252944117
ck_36d37be780c1291c,0.00124063686365024
ck_99b4f266b61ae7ee,0.026769928488850143
ck_c37f03995f0f0169,0.009826587891871876
ck_65a23ac8e44eb901,0.014330319800818591
ck_644b1c1149eea9e0,0.0306430201024045
ck_9cf44eb0237c2429,0.03508609764927315
ck_20541686a94fb71c,0.04375299004851022
ck_c18245be844680f3,0.048897285674442355
ck_56de216eda6b7fa6,0.008919383453833848
ck_406c4442dee45cd1,0.031596538785768596
ck_df1585c7d72a96e0,0.008270263868861
ck_b8e8dba20676d87b,0.05156384895487266
ck_0ee6965e68efc177,0.02646459585141523
ck_c2a5c54ad8d0d297,0.02710052388623687
ck_bf6fb7e6470e95cb,0.009357620279117048
ck_27fa694569140345,0.007558381626126733
ck_e04166b0ce66393a,0.0038171453934186662
ck_8742114f4f0cb22c,0.3149614484641272
ck_6eceeafd56b42576,0.3852751487882591
ck_34f9951b0eca1965,0.014549711396172182
ck_384ccecd342a24ad,0.008999356235095202
ck_49c98bebd1338879,0.013056936362870673
ck_6c26c12071c91ff6,0.014300393107300182
ck_01e5986ebb9a78f1,0.025403355790505882
ck_121db7ba3be29ee8,0.017656311558533654
ck_039e6d5a330cea1a,0.10350577021222863
ck_ae8c9163cf957d7e,0.011040738247905788
ck_3f5e8f3f1df0c8c7,0.044617018223793235
ck_b1c51fdafcd80122,0.030190887341363142
ck_12e2b5ebfe8986b2,0.010298313752903064
ck_d55eb81a4d543c59,0.00494993471982036
ck_f85155ca5c312c7b,0.02519124060026737
ck_133d8a1ac7c0e301,0.9852487841643772
ck_04212a9bb9b28696,0.9979803465785642
ck_4cc11c7d3ca61f73,0.03781749433381855
ck_2df4854186ec515b,0.028684788333768568
ck_aa9b28e7fc43af79,0.1447666037580356
ck_47cad6c3def4c9e4,0.01486129236550714
ck_fbff7b5da8111567,0.0028757284819688252
ck_bd25ea782e375b22,0.028390538243831445
ck_7989376f8cf64a9d,0.02115701840283253
ck_675c0ca1ebb1051c,0.007344419354345811
ck_1436f6e11d4008f9,0.010687611795981608
ck_812cb3a4482cc618,0.007427874755477126
ck_6e606f73a1094afd,0.007747446855207472
ck_1b708e2a4a0584dd,0.0283180779387728
ck_a60d6b324bae0330,0.007812850209501296
ck_706a4f673a9fda3b,0.16254542774087644
ck_a75ece9a9044eed0,0.01711471645547847
ck_9aa45c4e03c8c57a,0.021191458371908604
ck_9fe9bdce982b312c,0.02742725481807527
ck_c6fbdc5ba68a8466,0.007962127523554133
ck_ed0cc1b1c28f9511,0.05332105863397293
ck_a4e2607b4c8021e8,0.01483049732024331
ck_e02f93f51cc8caf3,0.021167676344315565
ck_7084ed3cf20781b7,0.016825613606700637
ck_cd4c63155570d6ea,0.006249336997234776
ck_d1b9e5d32d2d789f,0.032018054855336396
ck_68f56f6560a7a933,0.0024384305668301047
ck_8bedacc6233c6269,0.01937299766962335
ck_ab7cb50407d6b13e,0.01932758400496425
ck_f17ed7e0fd687742,0.0743067606877761
ck_b0fe4b92fc70f72c,0.00797210856738181
ck_84d62b8196da2452,0.03461706737521924
ck_9e298cae167f4693,0.004765364818902149
ck_405b20ef9ad0ba5f,0.11955217448297449
ck_813e02e1ababd177,0.008710329895844745
ck_f234ab47061ba7c0,0.003544968068408698
ck_22b587c18363899a,0.028592833381497585
ck_4e862c2f48c38aeb,0.021010466025309767
ck_b89cb90a420c9075,0.006602730106180183
ck_be2251640f27a3c9,0.07098299678578507
ck_46bec0bff167ed3f,0.026703030678638703
ck_c0032232c2868328,0.013597802972835714
ck_030cf09525dba4ba,0.032588418685664665
ck_6ecf56236789fc09,0.9781179975414962
ck_38d4ed52cbe6d123,0.04735300783258968
ck_2d923d957ffd4d53,0.007135583116627183
ck_3af1eb88728ed8c7,0.021484516366967406
ck_2f8120ca80a1592c,0.005044481480127919
ck_6cabb1a133f0b151,0.011654374484606598
ck_bb6cf7e7b707731d,0.2682824529816012
ck_c8307fecafa90140,0.04774371673522
ck_75f968be67f46d24,0.02617222547852637
ck_df6fe4ec5a233213,0.023029942187622332
ck_b53e88c0e927d896,0.019459900528198244
ck_f0093064aa28f4d0,0.019024885391561587
ck_ec9976cabc63ff92,0.039126935465285555
ck_30dac0a58c5590cb,0.09160846605162526
ck_348a525791ae6475,0.03604814532018059
ck_b898d912d1181ef9,0.014715898953616193
ck_f5b1200dc6f95760,0.038223846951456524
ck_54978a073e7a0b1a,0.004448267097938888
ck_55933936536a4071,0.031446514410574784
ck_d6ba7ffd2ae08863,0.023224589541849423
ck_404e2217fd87fdd2,0.019390851587508296
ck_dfaafdaefa5716b6,0.04303739299506396
ck_556c62e92d4e7e5b,0.060586480465473276
ck_7ce44f4e06d58111,0.07491223902828681
ck_465cb8ce232c7670,0.17116543598941616
ck_237508ca4fb37268,0.044670971292583066
ck_ba4a6b9aa63964ef,0.019063026461884004
ck_4802a0a7a1882c88,0.03132626184160785
ck_9478dfe4114c30f6,0.009959130579513547
ck_5138f6c575dec64c,0.02175848856910734
ck_aebb42afe430e2e9,0.002437586907789727
ck_004efa95555437e9,0.005470427945027397
ck_11af112667c98394,0.020793999903046114
ck_44e9a18a8645c9d3,0.04355990998957362
ck_2605fd571219e28d,0.013602933910652398
ck_dfc933493561d84f,0.029601876718192307
ck_67674348e68d1f25,0.23816303660568697
ck_dd97429277a2fa00,0.07536155862010259
ck_d3eab7a06eb48348,0.021347577413643813
ck_0b9fcff9667ec05a,0.0073581449819508146
ck_fc4bfd6e739bddea,0.011130146305713793
ck_43292f70a03ddf2b,0.138219930163321
ck_5ff6108056a3fef5,0.05526390780935362
ck_767e0be086b5f601,0.04000853741359694
ck_b8465b1a5666155b,0.0201287297368219
ck_ab2e3fc56f5b3aae,0.006930384938243298
ck_1833c81d693c1e07,0.9808651849155212
ck_0308e0602b856445,0.023194326576447342
ck_ccbdfe744acff8bb,0.023303019780740623
ck_b294aa27a0b586d7,0.04951633511482704
ck_a3747201f377626d,0.9782246905930078
ck_edde1d7d1db24725,0.03591239796088155
ck_ae3b47d6e1063704,0.017921071202059883
ck_3aabf5e0f4defb41,0.04722508112598975
ck_f034adb57391f3d7,0.02654264612029919
ck_533672fb40531607,0.135250637541048
ck_2a244f1ae08ef83c,0.028925814378051258
ck_a35d81bcc54ece2f,0.024682537931683592
ck_78a61215675b38f0,0.0044771986549906025
ck_e013d88ea7939616,0.007209435531139301
ck_e5018f9418e0102e,0.02115682084992652
ck_d4e024fcda401a31,0.039089909692807685
ck_f736cffbdb82db34,0.0040155035993451275
ck_1507f5aa50cdf3a0,0.01489998543915277
ck_18270fee7c8fcee8,0.006108972395289688
ck_95ffa1a805a1c9d1,0.004003360364355492
ck_11132d245b94d045,0.016237865306147282
ck_7b93a622e40d8b14,0.025403355790505882
ck_3854c08d17704347,0.04500017231252975
ck_7717fcb100dc4b5f,0.027423339570567477
ck_ba54e0a1c328119b,0.30375148136922614
ck_a7afdac4ecbf2de4,0.10971962111303875
ck_ecfb771ed2352085,0.006254776079813785
ck_68be4fefc85a6b64,0.21353397987924913
ck_dac7c50bd6d0148f,0.013765406485320408
ck_87cf36a03bd63c24,0.16428558185927497
ck_8adb40b168b59d7c,0.032202070696096076
ck_8d2f62930777416b,0.05129777931133594
ck_9958b58da9e3c21c,0.03471993017069912
ck_9440335375701f44,0.01583994061217873
ck_e2f88e202b6f700a,0.035582197900439747
ck_4c7c50684827a2cf,0.14341397700871641
ck_8a6ea4a79b1c7a8e,0.019110491236476145
ck_186dbff4b24a3bbf,0.26097000432112744
ck_220fda3c11c59b6c,0.10831454224508444
ck_3acccc69f8b1fd14,0.06531066797224068
ck_9de191bf79afd676,0.010270645108030708
ck_6de6b1663f9457f4,0.018743017062426533
ck_062754f8b79b86e5,0.008139686918880866
ck_aa153a89a52f7eb5,0.025403355790505882
ck_34a6bd3be642f15c,0.030650812229871975
ck_9371c700d9830326,0.038505871151867654
ck_a99e0c258ad7576b,0.008818371995324169
ck_0a7ba51d626e932a,0.02204654895242175
ck_852c50bbba1ead13,0.0625023733578056
ck_43dc13b6b6d31297,0.024497696792357863
ck_7d81b59d615a6649,0.032153925356761585
ck_39a3f1da060e88bf,0.010098345747772733
ck_6fb2d142c09ed3ed,0.09271693994062015
ck_6e5752b87324b58c,0.2137139795576772
ck_9441d48a12e8a4bf,0.08237954856683007
ck_09e9c51eb538b255,0.06322677728099037
ck_8d0cd981ed3a183a,0.03232945351911609
ck_57c07c45269ca8c0,0.017980919415654772
ck_ccfc9ab888ba933d,0.08042362940652663
ck_9658a6ef471053f0,0.07257630916443103
ck_dac3852758f4ea89,0.024660815597627495
ck_b1ed2278f5f14d82,0.02714231778257009
ck_333544d173524f70,0.04118163847134573
ck_fd4582e3853ef23f,0.007514331522713786
ck_614d936cef98db04,0.02262183172823935
ck_6bc351a3d57aac54,0.00974171817935411
ck_af5842fa7202ff25,0.02187424587701466
ck_81307759252571be,0.01562782500857822
ck_b4d2f02d2cd45720,0.21625879804540088
ck_1bd753a4681946c8,0.917843752458141
ck_46d8c029d46867b2,0.007542353097418684
ck_b7da6640fa2f49cf,0.1652179954184329
ck_9ea3d5a5a91fef9f,0.07666905740148218
ck_7b922518f667f76a,0.003601793137119381
ck_2a5b31594206eb30,0.8698381033875037
ck_d9506476ad3f9e08,0.007289797660038809
ck_c8791f7ebd4d93c7,0.01233215113496916
ck_b5a3e20fd210017d,0.008688429231547235
ck_8e54386f4fe22cad,0.01349438060597869
ck_75296704f5806f56,0.03181985614232999
ck_0fbbc7a6af300368,0.02743057058487248
ck_d19bf4dc0627113d,0.00412168963933634
ck_7951bd4eb99a0175,0.01140877477456754
ck_059e4fac6b7f704e,0.005507680953798411
ck_2ce8931af02a2ce3,0.017805131914690176
ck_9e665618a4860306,0.060598780268939424
ck_6fce5a893613fd2c,0.0019357714346565072
ck_9e3fbd04e3532f32,0.23269746980082553
ck_55f2ef0de3420e3e,0.009412789064153352
ck_8d87658a6f5d204c,0.7545345702041902
ck_6d6ac1f5dd882aa5,0.009622380231938524
ck_55d0c7012d7ef236,0.025399977120976556
ck_7738eb085e5753d6,0.012881531090045707
ck_0e6e05c3cc8c8242,0.012341374094837577
ck_8d27ff8383d48132,0.01647689149790898
ck_9afc3bb849f3a64d,0.019805833449589846
ck_27eb86a9898cdfe3,0.04036418553121629
ck_1d40e4fc541abe93,0.08647868023491878
ck_4fd9dc00e1913587,0.9701879297613383
ck_b26cdb2b7b165d2e,0.01487652053677183
ck_a79a27767a02e31f,0.025122420756087314
ck_f0c18cb9f951a71e,0.03252163703574033
ck_50460e0189de6274,0.8348049959640108
ck_5e5280539257c986,0.017131305608441203
ck_eeb854318b3a6f0a,0.017460114563870623
ck_943f66f28dd24750,0.013192824853705739
ck_984dd7452aee372d,0.06446629751776455
ck_ecaa6de0aca5e9a0,0.02287424335287068
ck_8f1cbc432e2774f8,0.027798385645318523
ck_d91d9f8445b9769a,0.1673734321649357
ck_73c18e03e3c7612e,0.031650424732398146
ck_aded05ada490da20,0.01301974709520587
ck_f744e208183971f8,0.009055809722917172
ck_02d4cef6358ad3b7,0.027616506845951475
ck_08ff5bd467226a5f,0.0109699116661601
ck_f824b326d5089885,0.22730790961611508
ck_3420f2fd520890f3,0.08556373848911651
ck_1838cf8d00f5b1e1,0.02086189885552736
ck_a85182ad90b6f1e1,0.011740515830233457
ck_fecb39c82c43e76d,0.023251823318475327
ck_162513e73782929f,0.012932218098644858
ck_2c27b77c59d8f23b,0.2296493131990022
ck_4221e07b17388fd3,0.04434719034348888
ck_adfb8472d5c3d669,0.00671715851847594
ck_0742fe64055d686f,0.02624559015167951
ck_5060aefcc8b6f958,0.025911499185083998
ck_643f549b4ac78a26,0.199992992934249
ck_dba767885bd6ad69,0.006661430643014774
ck_0dda35c0c64c7073,0.9790231430148711
ck_38ea56d43afa5660,0.027214315799147584
ck_d813e15ac91f487c,0.10406221359371058
ck_4c840e5585a7b167,0.08917103469754717
ck_cb8551453a7bb929,0.018851870964038026
ck_05a00b1dd5a03359,0.0056459017708611935
ck_837cc7fd48453a01,0.018138431336181385
ck_49dd816b31fba6b6,0.8373414729857316
ck_86a61d9a39768e87,0.037875826856896555
ck_cd0e76f0e7bb38cc,0.022092860887438337
ck_dbe58392635133ca,0.015496666118646321
ck_3caec7dd6f8d02c9,0.04210977287457667
ck_bfd9bfc5b6ab4a54,0.2445314174972241
ck_2103399bdb2898a6,0.02525567866913233
ck_329f7de7279e74c5,0.017246549004542464
ck_9bf0d28119fc42c8,0.022827222208463695
ck_f781539b1042dc83,0.03327840661400742
ck_9986c7d781ac6b4e,0.008467303456081095
ck_a627734880aca848,0.005086467153016516
ck_2106e509d77fdb4a,0.21490385764148842
ck_420d1a9c604293ce,0.019693765541511882
ck_fce0610c527e2b56,0.013042549075617155
ck_073da541ec3f9d3d,0.00775034259743879
ck_aa5f3ab48c17fed8,0.10443893789139391
ck_0fc1086e1c9e04b6,0.030421426871894492
ck_5c33bb46c1a5945b,0.014990809013200357
ck_500948a8d4bd8e13,0.017020376330142035
ck_19becd44f2c3d2b5,0.02932081448701394
ck_7d0fe77dd5ddb656,0.015458733027724736
ck_f158d9e5f101bb35,0.023152026376870513
ck_cdd7c77823c2257f,0.07744429493571435
ck_6c7b41374f9b2e55,0.007111205056043954
ck_417090dbffb1a63c,0.009796158473664295
ck_dd0e17605f970319,0.033266132315562726
ck_3646515079e6be55,0.014538533438064896
ck_89c8b06aa8c84b2d,0.10188902834789924
ck_e4d6dedd97233c07,0.05585586155795809
ck_bc82fb1895fddde5,0.018032038774515535
ck_88a8b1d442ca3686,0.013561738591132421
ck_5791f8f76a629a4f,0.0353062046950434
ck_9cf5e88e97c8c7ea,0.02427200885707581
ck_58fd684aa5a6f289,0.008874064687747518
ck_9800c21dfbd8e811,0.04524642262517368
ck_8ae64df60ab6ccda,0.012965225678395538
ck_e535fb0f0c00418d,0.09964154430278291
ck_48011996d54855ac,0.07944202395811349
ck_ac79c72a8fe3fdef,0.03715849302469049
ck_b8cc2df5192bc49b,0.01908197415761245
ck_e96a5e1f08f8a867,0.007039415368751717
ck_84df6770549e43fa,0.027399679297630486
ck_e5f7b99ba6ec5767,0.050492009205375346
ck_8347455ab53ff620,0.006985928117356269
ck_a84f2cdf695a71d6,0.003585413322527851
ck_90456160115f9ef4,0.036760707540019075
ck_ebd178b3f3a9c50c,0.01402035615209903
ck_e1140be6157bacbe,0.02433095941509279
ck_744ffc11d32b96bc,0.032291564277009965
ck_e12a9f7d027e3387,0.008017246070328424
ck_cbe525da0b69f18a,0.03240543358868614
ck_aa59702537557ff1,0.37032875288788236
ck_0348cc6908f7f3af,0.004154241230726179
ck_120e995d50956bee,0.05363810691000298
ck_9fcde1ff46cbbea5,0.006917318413576614
ck_54b0b070689c50d6,0.007190525543704766
ck_966a167758fddfd4,0.0605692694492863
ck_d5194f2e92fd6427,0.015322518581958176
ck_2ee84f3fa27f2cb8,0.0077590531265070315
ck_57d0a7eb7eae2eaf,0.03855904430816413
ck_6a2c4edd82e10969,0.0027386298372340423
ck_96e4d38ef670eaff,0.010124518986776857
ck_52cc2fd5095b169d,0.012611997540146481
ck_4b088920f3a844c1,0.025403355790505882
ck_8f3ccbd20d59f1f4,0.04889980568273695
ck_e5e5dc431bed6f9d,0.0039025173659491775
ck_e8b5bfa6838e28d1,0.024261250702012495
ck_4bfeb78b47b7c6a1,0.013914623022084599
ck_a705c61bd679496f,0.014902755185462998
ck_731869a0c39cb2fe,0.0500405321943185
ck_259eb102342057ea,0.012384607136278869
ck_47a6005fabc33551,0.009861375117709768
ck_682262b455a9edd4,0.010991893498806506
ck_e839d104854945f0,0.010073281704244383
ck_761989aa4c47d746,0.02830141844880549
ck_44211dc210139ed3,0.11514692686767913
ck_9915ceedf63a5289,0.09460468060055201
ck_da59ab47cb6284ad,0.026043605055440608
ck_e5cdbfcca2456652,0.02632068998492902
ck_13f2560c6a1ec62f,0.010320194709698026
ck_a0543e9b3abe1001,0.20234621182195528
ck_11c7a58e09e6547b,0.013916414223676035
ck_69587a134d43a4ad,0.08513319086591944
ck_28dc0de0ae291f37,0.01202374028518917
ck_298922703c5bbe05,0.02745095018879639
ck_fa5ba9ed9ed6a343,0.02287100676962644
ck_c08e64d424e56c05,0.035985060697645635
ck_598e036a28262aeb,0.02338929501192241
ck_3f7c870510083a51,0.02489133217121686
ck_364f8203a3e98d36,0.4022007286413656
ck_7333cedb61506ead,0.005172639440846359
ck_1d96d7fd65f208b2,0.008717116495264899
ck_63133a79f23e2627,0.08771207632316279
ck_901d820e0b72abae,0.007525208788014696
ck_5dd80b3c01457bd8,0.010775334344334832
ck_c0b8067c144ed6c1,0.004497214077953528
ck_cebb8aa8c8f62c60,0.05108436923750682
ck_79749eca42ff1f5f,0.010662604070112242
ck_2cc1d9b587f6da31,0.09284375762989454
ck_ccc7916b56d42195,0.007610538363213125
ck_e43e53cc7b8b8e41,0.02801051993071414
ck_4ab74a6e7450416c,0.054076099635373985
ck_6e44024e9de301c6,0.0034860538085855304
ck_dd78cb6ae2866cc6,0.0076097904420809265
ck_c363d3b050baf3b8,0.11461077194495527
ck_2d46291975f0dd08,0.021366033843794267
ck_76ebeb5aee42f041,0.025403355790505882
ck_8395f004cf4d4c08,0.0009226054671416508
ck_de7259c3741db179,0.021602996147311544
ck_3938e92585df2b34,0.03883962683020243
ck_af69bfcf4f07d932,0.006629765064567159
ck_1723900ab9afe374,0.05758193592716889
ck_3d58628d1c853c8a,0.029983147832857684
ck_12a074db100481cf,0.22541025343040252
ck_8716cbf892c50e29,0.011490837529141608
ck_fbf7351958ad9615,0.010841808081856018
ck_a50370907e6b397c,0.0877973403347621
ck_937402a60df0821c,0.00708476214308376
ck_8ce9c5807acbef48,0.007176832920211999
ck_acf7d65eaaa4c31c,0.003244146579341984
ck_ec3eb6dd0967cac5,0.024928055366672745
ck_fc832b0c90c9bdb9,0.7289831287871457
ck_8129e81cde280131,0.006670630809602328
ck_52c0ef68aa2fb8cf,0.025399570330803783
ck_06f042e9b1b662fd,0.08010244198647332
ck_0bf35dcf7b38f650,0.007442845036384632
ck_615763afc2e17a7f,0.006285855919172084
ck_e72db9d4b2fc9997,0.98308054698304
ck_13757bf0eeb353e2,0.008714722746915681
ck_abaf371ec8249c4a,0.09725150083036378
ck_9b7167da0920c37b,0.09578861714920679
ck_2e824b0b27494a17,0.027988905189260765
ck_9a0b605e9c3220c4,0.029818990622815716
ck_a5276af466b681de,0.00383857995179598
ck_9e0383e1fb6e214d,0.04582929567243822
ck_6a27c44b691dbfac,0.017740533801748448
ck_af39767cf583905b,0.01707296761641687
ck_243b1b9fdd3f9a74,0.015945065755518198
ck_c0422e638a9c6046,0.01863382975349214
ck_e0f3ea3373dfc4aa,0.015112139920322998
ck_d56ee1654378ffc7,0.014581773311582964
ck_20cd2f5666719baa,0.004362722791771536
ck_4dfa1c1e9b69fcc8,0.0211087170809412
ck_5d22e9ca1d15180b,0.032150872643151814
ck_f4a7ac178fd55f0e,0.027038360009495062
ck_fd5609bd23a1eaf8,0.005610243253920659
ck_49c3bf13dc9471ce,0.01875511566617209
ck_724085c3452d4693,0.1029700565572953
ck_e5d1462846154a75,0.06881819843546362
ck_c69ef0f3e7d6acf9,0.10593802389371582
ck_a2d0417791d4132d,0.0122562227233884
ck_00a07fc2a9183c3a,0.006934160952751128
ck_781b8288e54ba8f8,0.16478754604514595
ck_d74a62ab3804a81b,0.004658659921176803
ck_abcbde211b6267f8,0.11839631570588476
ck_16dbafc035574654,0.02162612805949492
ck_018f780215ecaf38,0.004450929243316788
ck_0b259620eac51618,0.006235466128733912
ck_4f875342394c110f,0.01954330406803268
ck_399e45e5fe9beaee,0.0647248333269053
ck_36224a2d394ebfe4,0.0984560958321024
ck_c189b551bd111332,0.005870991447151774
ck_125c5a720ecb177a,0.07742784021663306
ck_76d010aa02eb477a,0.007302173467777554
ck_1071d14c46c92379,0.5871165654666943
ck_61d244b2cde483af,0.0172366312722105
ck_2ff1860da2004c84,0.00909812835268046
ck_c5b583490198672d,0.011670589871229653
ck_1294f7af22fade11,0.07798718659176407
ck_e3a22799716df39d,0.02259556189653763
ck_c77e22834ef97005,0.5164016520326341
ck_73d3689728270a2b,0.014615610548221412
ck_295565fbf77ef885,0.02282433965552866
ck_80c0a7f54ff4895d,0.004626539966667969
ck_f1ef5cf7f10b16c8,0.11266857977845234
ck_a958b2461ffc21a2,0.08367346828037028
ck_0e7899a57cd617d6,0.015803195698446293
ck_9d4fed252718f58a,0.021476274867848418
ck_83c2c34add971d76,0.005599885851174684
ck_9ccc030ba2de9fb2,0.049535523758839246
ck_cd691e3466fb3742,0.06349878362416495
ck_49df70f908dfd069,0.06913662937332858
ck_362ce13eec1e33a0,0.03611442708582871
ck_2452a30397dfc54c,0.027605227644696098
ck_a443d49c2b4863b0,0.008728019659983526
ck_c8b2e2cb349dd0ff,0.01975381346111856
ck_354909fecf5da8cf,0.014912975867425274
ck_841f598bbd54c83f,0.1403491098286087
ck_cd6fbd4e8724f994,0.04035370042904694
ck_e0b3158111370118,0.016106406522899543
ck_4c2f2eb657c2c60e,0.013848887159286028
ck_ef346071f0b7654b,0.012933714341991481
ck_f3bc10e3decefce4,0.024025097993683357
ck_189b6fbe9b9192e7,0.017042261514712866
ck_5245cbc5ff4d4fa6,0.009659407736085283
ck_cb42e3be6fe87f60,0.025298104650587547
ck_966d4d713cbc7792,0.017011546032924332
ck_1c8c969667cbaab2,0.8193957484211695
ck_d35e3aa9ef5d405e,0.11316562887494121
ck_a1c39df50a5873b3,0.03449263791876687
ck_a152165caf295b51,0.03310125134448729
ck_891eaedae139828e,0.007968037334322045
ck_1a46b56f4734d52e,0.044014057916208014
ck_5e36042cfad96c99,0.23151796110755915
ck_02a8582c2603e675,0.013833494411786445
ck_6def9d0429e4ed4b,0.01745590588121059
ck_e137400825a1e3e6,0.008155321812632654
ck_d91ab840848a54fc,0.012364904722450555
ck_becb6e1c608e0078,0.011388367293812223
ck_6fd8c86ac719d7eb,0.17388620640003846
ck_3ed4d13f12fd9d0e,0.024753718476813586
ck_007337aa99a4891e,0.006016383971503537
ck_60c3d8306527a08d,0.00938877652234651
ck_95458880a54df0b1,0.36107957023762177
ck_b48cd8593533fc1d,0.21495777336857377
ck_021c6a4a7e3f1f0e,0.02656372006008078
ck_764d40f865e710af,0.01021218108219656
ck_4b84357ae8ec7777,0.007697968338658717
ck_3397c7856b4669a5,0.006189099738182985
ck_920bb003b42e6310,0.002319823750713227
ck_8f59f11b512d5b7c,0.06637535496797418
ck_a3acf4b986afa98b,0.12523968750899597
ck_e89d25ed7bdeeaea,0.032789938449503876
ck_70e6bca473bf6902,0.013693295896531529
ck_186161ce152836f5,0.008378829587451278
ck_9191579254663f5d,0.008334956113070367
ck_1e6628879e9d653c,0.021951544695045698
ck_b498fa91a0776ff6,0.035002010389644615
ck_cfc2384f22954830,0.06269780845596352
ck_17673a1c2867888a,0.0015334293625020017
ck_523dce06515b072d,0.03282633754150684
ck_c20638a325ead2e4,0.008268547688281839
ck_d3877e1f907cc148,0.016872575811816313
ck_e9a2495dea8675e2,0.028130773172152155
ck_7e561caa5fa1f3f1,0.06743552268169982
ck_455672e652fe1abc,0.990194616314717
ck_7f8f864fcc90ca82,0.09835444746097136
ck_1ad36046aaeb816c,0.010481679896342237
ck_de056e37c82e8e00,0.013968275343159536
ck_7484c214c889fe7f,0.020583831339640656
ck_32430e678c4f9f53,0.010202760705655898
ck_6276ece8f80ea799,0.028250172068162403
ck_ae8e5dc4b725bc25,0.13423856640210058
ck_f01be92dc78a2dc7,0.016709011936683022
ck_233397a8bd40d38d,0.010754577995866509
ck_f8124911450fdf31,0.6465360462129536
ck_aa0a3179f1111674,0.005521461345426729
ck_2366b29ed9887a5e,0.020811173015932025
ck_1f22f04dfc08cf27,0.006968782974864489
ck_b62276c3426d680c,0.010788074783593971
ck_d099fca88691f66f,0.05261649429955936
ck_166bd1dcbaf4d6fa,0.008326658301076942
ck_7b1660e942436e12,0.03168869035307112
ck_4a9a791a1d409a3d,0.035411196111707795
ck_b003e5b54df65db4,0.013337007671470785
ck_64b4dcbf436f0b75,0.006401409462991516
ck_26e9a7bb2061a58e,0.04075214601945289
ck_08b77ad5f8f73007,0.010352970057462267
ck_366616a725afc6bd,0.013996038104057376
ck_934fb5064b6eefe2,0.004304784568627124
ck_c6abd5d57b1009d2,0.017214858060236916
ck_edcfa9e1cf29d813,0.0676708782260658
ck_c30201ebd003fdc7,0.0074076811225225235
ck_c54643d94d3ce355,0.046186730221260124
ck_02adda6e91e49650,0.011659801052487349
ck_5b73d7c5255e58a3,0.05957401075489769
ck_129ffae92dc01408,0.023460048824402276
ck_fa321945ebedb916,0.05434762182359003
ck_8da980cb2e1e2bfb,0.05806583723059506
ck_0576b00d728bdf19,0.0440657543170455
ck_c543d82e22b3c8a5,0.01976363880126564
ck_0027ba644f9ae2cd,0.3294658041760277
ck_8dbf61df902a6bbc,0.01258900221036249
ck_90eeca1cda79fd41,0.016723283407822382
ck_86d7127391d4e01f,0.0035335984816078627
ck_73762038c7ff2f6f,0.02271734980169694
ck_a1484e6215fac651,0.360951011672305
ck_cb83b9f806e90dc6,0.07309373409544363
ck_8c6f059c95872126,0.030113317913093407
ck_3174419a81e7caf2,0.019933540558571456
ck_6a0f8f8fa4a3c2bc,0.023984697750752074
ck_b5777605668bfca1,0.011353226553837924
ck_27e4de495abb4d15,0.031443971961525576
ck_7f6fa79c7a107161,0.006610733150170402
ck_c36ed9f8e6792ea4,0.020157607072254273
ck_67a1aa88d2ea554a,0.08518753297538659
ck_09748dfe4df3d540,0.01495164459460773
ck_27fd85b1e38b675a,0.008615437473954523
ck_2369689bd795ee10,0.013245750873703638
ck_4eb1c12f7d092bac,0.008090510715745566
ck_01fbafc42c8e33f5,0.011554071776338189
ck_93c4e05699b3b7d0,0.006677932522609559
ck_afc484d1b6907983,0.008358704158176893
ck_1b2d9cae92a1aab1,0.07098163679704343
ck_73b729cb161487f2,0.0058126313688989335
ck_fe3c1d0ac090d960,0.05030929611634618
ck_408efac1d3885ff8,0.051948287583902124
ck_ccb4dd9d0a48a76e,0.007972096479101857
ck_2987eab34ca7805d,0.07488838030390924
ck_1dbf1f15193197db,0.0765926173362383
ck_4ed711fe4053e74d,0.11289082714895908
ck_6c54adce174f45f4,0.038267008914641354
ck_a6c740041faf0bd5,0.01072159491321151
ck_b05c4d33c4f43639,0.07919947729641418
ck_032880f1114dd51c,0.03621145029924551
ck_22311b037456a76e,0.013845219338429594
ck_5866b413549765bf,0.01385235441999364
ck_0e808afe2570ecac,0.04196132296285555
ck_634276b05f4381f8,0.004519272322095571
ck_5d8773badd0d4740,0.023931201500843442
ck_82b5b79ce3517102,0.9495620940668348
ck_b378b8d8100ee4b1,0.0176453715085738
ck_54e581f71be5430d,0.01141570842003802
ck_798ba4b8aa544fea,0.018247991031023515
ck_3fe86b6331ff95e3,0.09018010194910674
ck_81275d9d4c559e6f,0.00948852394295099
ck_99a4e5ef02d89493,0.034204368904587355
ck_54e2eb018d947790,0.014216336324304968
ck_966901ea9c77cc02,0.009788933981522616
ck_27d69ff4e0cb428c,0.2427132423389553
ck_2cee2dd7bbfc09a0,0.7011604021152539
ck_4136b00924695ab4,0.001036396429368532
ck_59a164c40c03a45f,0.012938194213324249
ck_3e24b026bc66789b,0.0017684896172372705
ck_8105bcf69a75ee47,0.010698344871712217
ck_7a1782cefe26a456,0.03926643283846223
ck_970c7dc195161272,0.008327870636726166
ck_a48ec0c00ae20e82,0.056434203626738275
ck_54b374ade34e1dc1,0.0676938356745345
ck_74e5dec189761d14,0.04420318082085102
ck_4717f24f2c6f40e1,0.10977899029053031
ck_fc8cd8a8209e802d,0.02078359264272984
ck_71db4131d7efe218,0.045551729886763426
ck_45424ea6f0bc4650,0.09020879733406278
ck_3716c6181a5035bc,0.019611626543096342
ck_26de14b96bdad4f6,0.009720661387621378
ck_99c0a41ac9c73857,0.005909800675067091
ck_645f15bbbcff3b4f,0.9690343406414013
ck_b7e25ddd41514d4c,0.02171592810288326
ck_d5c14e877ca7b755,0.013922958483225395
ck_05ea4440dac6cfad,0.023020578073648098
ck_c58bafff7b1955cc,0.04057697258850615
ck_f0cf85b67a9b840f,0.017195598895365673
ck_ce1500a7f0d03fba,0.007347521655716758
ck_d4972a775aadbbc8,0.011584780458601885
ck_3eb6146c262e0fc3,0.011345363646330046
ck_afb23858a4ef42ed,0.9871338146573002
ck_2c1def5c91c52a5b,0.05642883296462753
ck_72e550559487b919,0.003097849939126247
ck_0284dc2b4f856b3a,0.19269388209092364
ck_03be334935e999a2,0.03646994183418082
ck_e35a4b4a3cb4cedf,0.008603128760088516
ck_5abe57dfff4b735c,0.16013654119497744
ck_f5f87f772388efa0,0.02645962279314948
ck_5a22cb36d612236e,0.03936576702406214
ck_8ff1e6028e764472,0.9806226135894585
ck_2ab28149b0986642,0.04337265058948177
ck_c88fc1bac79fa6d3,0.05355952882841573
ck_5b137d74bba6b1b4,0.01122150088808477
ck_11f362dca2dfaf5a,0.003504320074537683
ck_7f960541e5174565,0.012488168792860292
ck_d5458ba39ae94498,0.028531843785954854
ck_0a921a73a90c2e39,0.11766029584441057
ck_6ad56ef40086dbe4,0.008378829587451278
ck_b68199ecccf2350c,0.005456808418268561
ck_6dac66c8198c07d8,0.01054649727526534
ck_9b9ce7bebc235fe8,0.01417414376232826
ck_6b817117d87063a8,0.010869634089633503
ck_900d62b3184378c7,0.014544170688350275
ck_eafe9b89857149b5,0.034751765602208294
ck_e74716a525ee5b24,0.019962456848419623
ck_4e9a6f06ab134102,0.012464427901129622
ck_b0d33b5a3716661d,0.024627058434970105
ck_8703543bf3134306,0.017978745822319425
ck_923d6a0f83accef1,0.02299497804633386
ck_52e37e2170532e2a,0.09806853898164188
ck_c1c5ea839c58958a,0.04060825821069868
ck_660f0006780e87e7,0.0709242626538373
ck_830b2c5d1818ac07,0.02656251912260077
ck_b080ff636932d1f1,0.0028804844371023482
ck_38730aace405f2ae,0.9919415986760332
ck_9790138467a06223,0.003120730833734684
ck_10de0b0d86b17839,0.020944517919929836
ck_c3e37a4d3382c32e,0.01476636052306419
ck_dd8edfefa1eba531,0.025353313165859807
ck_8153cdadd300d234,0.007509862631371911
ck_74d0e7c2c6b63d36,0.9754981968644522
ck_c478aae3031bb328,0.019271336119359453
ck_cf301f2194975866,0.0075078802485770745
ck_f4de03f44e3a5bd5,0.07641138398403949
ck_b06ce826e593b210,0.09850939628573202
ck_2fc70b6baf6a0e26,0.013241263045899584
ck_d208494cf5c90047,0.08656244422877117
ck_086d29ccae565e5d,0.007059176289242013
ck_d5ef6dc116dee408,0.011074820830455938
ck_fdf0c5b722d83464,0.026098487764864068
ck_de8494b13adeffb5,0.01259406882943008
ck_556786868599143b,0.005102849210336347
ck_4940e78cbdcfecf3,0.0030171664081401366
ck_d32fbbfe32c00416,0.014740997871129905
ck_bc7710f7e9fae649,0.015547276891644115
ck_416f7ac57da081a3,0.010701632965515538
ck_6fb39b60c67d5475,0.023836396424544895
ck_e40a156511345d6a,0.03617959814634288
ck_49ab879b5aa7fccd,0.049849947713774684
ck_bb643194d1cbc47c,0.9654582445525173
ck_b3ce8f1bcedfa043,0.00782216946379143
ck_558ebde8c29132a4,0.023599611842558273
ck_e6222925762273b8,0.0674331743689106
ck_bd80546b4807dd59,0.033280253905128176
ck_bd21164bd2bbb635,0.012129520180432193
ck_ea835557d7043667,0.032049610964267526
ck_1411a80a157ff39c,0.020765015416953723
ck_ab973888c20c9120,0.07722153821294306
ck_95b48972061abe82,0.010878902307770194
ck_fc4a43f8876bf10f,0.04221362784624269
ck_f34fb7ccf82f41e5,0.006488303653720391
ck_5af9934a56801ac0,0.004803302842035385
ck_fc7445ec76389a58,0.15432281414351076
ck_1eeacc26f02fbba4,0.06850829642100972
ck_4f325dd15c9bd45c,0.025742552781488647
ck_5009a6c8bbaf15ba,0.027456081710399437
ck_0f3de7f074bb33af,0.026820406289881225
ck_2cbc2f93a32eede8,0.05958104981930204
ck_4bb90a61c21a303b,0.017084249500339647
ck_3ade9eac7d7b0dbf,0.08183331375981837
ck_4859a58629622915,0.30132908002484393
ck_5fed957287ebca03,0.010092766395280832
ck_ec01ae5351500355,0.03424917519305559
ck_703b41624ae6a5b6,0.025364458290372448
ck_97c38e7f61c27e47,0.019274696621464908
ck_db2c0908150cb2cc,0.029200693077149297
ck_64ac5e6fed86ab60,0.652332524502172
ck_da1c853b0a061e83,0.09271630567898943
ck_9a36916b60178ded,0.5585500357204854
ck_3715bfa7fed2c675,0.01630303413661489
ck_dd3feb77d7d4f6d3,0.006662414010982306
ck_982ebb24174a4ade,0.01624384768076139
ck_f6b7a10d47dd9a1f,0.004955476276251442
ck_1f56fe99f250cdf4,0.03609118919486845
ck_deb3ac0606d6f6db,0.004097322598110781
ck_e666629e5a41b39b,0.007584754630625858
ck_756d2c13d02b3e09,0.011656245687098226
ck_7bc752ae7cf5d55f,0.018588681482148216
ck_fc0cc4b25e6a8194,0.008214697632115669
ck_9b2b0e286de78a1b,0.005465352680001295
ck_24b0803447211bf3,0.012070955122888558
ck_82eed68d05a42128,0.010874111972665287
ck_c8a03c516ed5b05c,0.034816682743723
ck_e914974cee1bccb1,0.1107393524188246
ck_0c533ff2d0f9962a,0.0221384206284417
ck_c12805fa5d970a83,0.10253151476371529
ck_fc2cb29918631f10,0.10719965584363583
ck_c20e89afe575549b,0.017505913256121625
ck_e1ff9e31becc27ae,0.02127700086901734
ck_18116d0ac08f1996,0.8105684238406643
ck_885a83975cea5e64,0.021887460770795893
ck_a0c3059a959ba5d1,0.0452636855580836
ck_75257ca7d7da2861,0.08591238805342896
ck_2210f7a0d13bdbef,0.04691018240604346
ck_9cbd9ecf8374f65f,0.00814766767440363
ck_18f67c00ba21fbde,0.003858717422810138
ck_2d28f14d3973d8fb,0.10356374239983525
ck_8b3401b44aaae728,0.01924281498415637
ck_9d8e9ef37797d3af,0.40043979312548744
ck_9f50920c894f64e1,0.06703101714738978
ck_4737e0d56c6fa0a1,0.026353001788931463
ck_52c311f29ca3aca9,0.004191558385024528
ck_6a4981bc721df37a,0.04949839470849023
ck_823539d936c55fc6,0.006811121523722851
ck_df5aedb4118020bf,0.8835278309017569
ck_a911a066ff0f7b56,0.017942754185693726
ck_684609767df4a14b,0.07238653525834064
ck_f2350bf355dc919e,0.05880857558724838
ck_8452b6cf97c65a5e,0.023159177247557988
ck_084cd84501012218,0.7425813285911436
ck_ace6b72e5bf3e93b,0.23006383548655635
ck_2afdd69094c955c5,0.10867178899593975
ck_fa7d5be26bf7b31c,0.17749124109079803
ck_4b041217690fca2f,0.02844718941323133
ck_9fb8e3d38cdf276d,0.6151407815062363
ck_c1ee56d65a42f59f,0.22016143335429533
ck_fdeaa1cd085691f0,0.04457799579002294
ck_5de33a7a87e9aa62,0.0699932304772583
ck_7476e7fe1ff45545,0.06296743044211582
ck_b0a947b498e47018,0.015244050067336236
ck_e3894ed88a7977e4,0.006695804531451316
ck_c7e07ebfb0bc15f6,0.03794212214360845
ck_3a3daa8b376f2a18,0.01051140048361936
ck_87809324c2675b0a,0.015164868880177842
ck_7eb4f33260f1dcd4,0.012315298599741713
ck_ab9f0e08af030060,0.03690261511250972
ck_5b8fc4a76f340797,0.020176328642909434
ck_0e7bf10ef49aa818,0.10432311289657163
ck_a44462a3853ac67e,0.9856185642809401
ck_2d14bcd2e0fc043d,0.0025153064112123902
ck_df1f2dba802296be,0.7091803020532182
ck_466a7316eaf149b1,0.016116865880922093
ck_50df50af592b0c06,0.01138545166044753
ck_5f9e34c849704b95,0.004876379421109127
ck_7836bf6def26aa87,0.07005778680581312
ck_ba175b1bd8efaabf,0.011071670803066423
ck_1a0aac7f7b94b1be,0.06518829836256276
ck_6768c4b2aa8ce586,0.01255364347936324
ck_eefcf0ed15897898,0.014934079508303229
ck_7a6cb27e390b6ceb,0.006762041539452883
ck_5275be4e1577c1c7,0.03491551121099635
ck_6bc0e5b8c0b7d2bd,0.03806128306043465
ck_4874bdec79f9106c,0.02384855882258114
ck_a678731156ad7bd2,0.03971244565242263
ck_db906debc36a5d1e,0.042338427783311705
ck_e87897767c612942,0.030694461282864405
ck_45ed5ee496ef8a67,0.020464191528470677
ck_ae20e28f9854f3ee,0.04587042722926034
ck_9ee044b73943a90b,0.005847151343039951
ck_dab34cf6f0626c9b,0.05534825019679931
ck_64a02b7b96149810,0.009615301837852702
ck_c417d06f3e94685d,0.018968072024331827
ck_3e0149cdee4cb294,0.03816780317785018
ck_0e6046fc30f81705,0.015800218353161068
ck_c383aeabd53e9c89,0.026932714024218554
ck_2ef76f1f36e8b869,0.11567443726682165
ck_43948784650bb9ac,0.014658661052222521
ck_bdb966f43ac350ee,0.021456269020033468
ck_5bea0e0ee0b094cd,0.04160052716198909
ck_dff090f03ca5529e,0.019319897434270844
ck_a4691b57f837d88e,0.014830691903344356
ck_99ee90946395d74d,0.31118172267649546
ck_cc81dbc83a8879fd,0.009498547450611095
ck_f3dc0725621b3a35,0.02617383234764682
ck_1bb212d1288b9689,0.02409468091215624
ck_9e7278fc7679f002,0.03164949763706411
ck_3ded7a8720d7e311,0.0049754068783643916
ck_798157bcdb9453e1,0.014761738221665143
ck_9fba80f56f357fe1,0.004583940388972131
ck_f1e1c8491f16f912,0.011033692626017524
ck_7b1319a5ca2f63c6,0.9015290730725446
ck_124432fd5c92af7e,0.8507538492173728
ck_148cb0c723284dc0,0.0025556213332733686
ck_b56c62c950eda009,0.02825692705252161
ck_a0498755cd8d7188,0.008104417728831963
ck_5379452a9d74efae,0.03959001798877745
ck_6c2453229d608183,0.033182281969645656
ck_f9d8b4813a88c1e6,0.007004133152453191
ck_c2c7d1e45a521857,0.04229251938969595
ck_4364a83a11743888,0.004744672125321237
ck_2cdf5fd97ba75e06,0.09330600133854906
ck_71bc01291e0533a0,0.15330641788990051
ck_a725d7aed2a0bdc2,0.015175031665506081
ck_a9b0c4dbd7db6a91,0.0355969295161709
ck_a4258806a533efa9,0.038804644881143636
ck_905e460591d9a278,0.12299665891063975
ck_20de8abfd8960ee3,0.031109530671650145
ck_252b0a0f1119b220,0.01399827834959973
ck_95e4bef65c36af1a,0.0045765810980002465
ck_5ab68b434ad53fea,0.016951500292359537
ck_13677a1957078827,0.003919171962843987
ck_d251e9fa09e542dd,0.9966286772323729
ck_700cb620f300dd47,0.006105890989566248
ck_39a68c55a1bd3ace,0.2272117888352764
ck_61a59a7944d6c53e,0.2698366602214561
ck_db6d1c6d31da967a,0.05090812752860365
ck_650020c500b1b50d,0.018639963501808465
ck_d812eb6930192793,0.010276534513900574
ck_92f6ebc11ebca89b,0.04090736489424731
ck_d87e26eb5bc84b01,0.00274588253163628
ck_66439e697695224c,0.006420466487064303
ck_f21efd504faa654c,0.06234205284611739
ck_15eed0f5652f0352,0.006159249955504622
ck_bcdbf57d98dc0d27,0.03361899034865385
ck_873ceb8004d3a9f7,0.04425474027466907
ck_70bef9ddd4bab005,0.004611132427881882
ck_7560f1891d66f294,0.009761426826543339
ck_f439f16f8693883f,0.011904709951711693
ck_14f9535e53f9c7a6,0.005845500358226406
ck_5984be472d2bc267,0.18116205163536925
ck_ed01be7504dc4187,0.03765269351113003
ck_dc3d8b5c17b67ae9,0.02077603363399549
ck_9dc23031b6b494af,0.025403355790505882
ck_fbdac0221bc03f66,0.005708981773451516
ck_863708a99b92ef0d,0.015183625235741231
ck_22b52654776a1ea8,0.8602126456374468
ck_a0714f98001efa0c,0.021209556761421923
ck_9c56114f84e9a541,0.02517354227351246
ck_e155cf506b2fb699,0.0057850932932118565
ck_65ed7e72f24731e7,0.07108532441597669
ck_822d6e8e43befc72,0.03604156805635072
ck_b1182471d9ac6b26,0.0053189306737855425
ck_821446adc95e6da5,0.010972856850536648
ck_ff182f033134dbb8,0.09631707814938231
ck_9c5feef7647b0588,0.028274688745938314
ck_df935d8bdd44883e,0.013678686313291295
ck_01eb24c18ad11fca,0.19518777697419581
ck_00d6730134a1eb51,0.052249346730621926
ck_79ba8e85678d0224,0.027974252443710747
ck_97e3b04a1350f6e4,0.015070756526380708
ck_74e9747954a46eaa,0.041649504418231835
ck_397d5fcc9972f909,0.017942754185693726
ck_9ede89e8a43c3f53,0.06912992695903869
ck_303b33910d67f306,0.022230256980216377
ck_3c17841636f6f7dc,0.01088659747854295
ck_78730527f8ba1438,0.35544610995178616
ck_5ee32bc6bb5d1d4c,0.07431618868913545
ck_a13fee8cd925d0dc,0.004649580816785174
ck_6f847263379f2e43,0.043357590275460385
ck_9b9d9e579e7b55b2,0.032053977124273006
ck_87c1d0a79e79c84b,0.0317347113850288
ck_bfc453eabb472f91,0.026734314188189175
ck_978c21bb5fe3171e,0.052997527205773186
ck_dd882323474431d4,0.06747033290913693
ck_533c4f7400d5ab22,0.2585195162434925
ck_5f217bfe28954e75,0.9840594352066038
ck_ae96d35465b3b4bd,0.00523481096051947
ck_512ebe97c0af94dd,0.07035709054484604
ck_f558fe02bb0219b8,0.014307717747981136
ck_84092e23d5ef4d51,0.09084905996307681
ck_17d3022ca12eacd7,0.02451938801923119
ck_8a8f81bf3558fd9c,0.16182817395385404
ck_0ada6fed1864e7c4,0.038209653907118044
ck_21fe7bc59dcd78fb,0.021354338392469762
ck_e136e20c1c74fe38,0.00721752764133495
ck_e7a530e09d113dd7,0.057043066322226395
ck_7cb0c9ded4d63027,0.07883652125964719
ck_102db9615e722c9e,0.024516714651432726
ck_129e39ddfde92eeb,0.00326333884166042
ck_d730ff21bfd7769d,0.00591922703110297
ck_54459b45d2be8459,0.005606399524224166
ck_7f1c20319eb60aa6,0.9947129264696565
ck_939fede90473e412,0.012471935722395605
ck_e0f9506a6d5f4a1a,0.028248427816228664
ck_9a4967cdf49265cd,0.1563633709176611
ck_b9eaf03453ac7d5f,0.013295547940566857
ck_522477be6376b450,0.020793817781713183
ck_9b6282e3bad50710,0.06623261945031186
ck_a0e3a2facd508e49,0.029033049281152568
ck_97ffae702f7c3d08,0.06444209726100789
ck_344a95cb7115ec67,0.025896901194886347
ck_1f2760764afa45e8,0.02793109471635747
ck_720cd658d11ea428,0.016598106950548523
ck_04e32ee9834c088d,0.05641760700327077
ck_2bb1389e5e72c8f4,0.03259760855888715
ck_961e7dbc217cfbbc,0.04184408839520701
ck_f3bce4eccfa6d6bb,0.006162651578034021
ck_e0ccfa0d689339be,0.0037270512282639766
ck_98217aeafa0bfefd,0.017942754185693726
ck_a02aeec1914c158a,0.013951499911938522
ck_20a17e8f206a14c8,0.007379048550521339
ck_114c32aad4b6183f,0.10682335913753926
ck_79f5198f0decef20,0.06590196600806299
ck_2209de229b4c71c5,0.030320897708055863
ck_6ee939b7f396975f,0.013874164851368661
ck_202f0c14b07ace01,0.07693904397755705
ck_fa24db9d416ab904,0.010524762481463477
ck_cf6aa24b92c4d33c,0.24943625629144323
ck_45f57fb8194cefc8,0.05621734195412536
ck_d5eb179dc45394c6,0.04085812100257063
ck_efb24be983342f75,0.0063237901968337335
ck_245f5d62ead5ef28,0.05915159463091422
ck_15fe2a47fa7e92ea,0.017396577038358424
ck_b6527a85fd682554,0.016903798873305197
ck_11f9390a11ce9ff5,0.08985843720071329
ck_ffb4d892c5158201,0.007982924588101223
ck_d4c1da5a1427fd6a,0.11548516295149322
ck_2c041b1efb1c5063,0.019417497993367765
ck_ecc18f40b33be769,0.1452205618773908
ck_0525349f3945375b,0.04939493722562278
ck_0bfe62e0c7eab9c9,0.05828070880209656
ck_b7c37d410b1646c2,0.01769109535360893
ck_4b15b0746318cf42,0.09515062359426488
ck_e5ee006ecd8ff661,0.03328776028266991
ck_ccc83cf66365357b,0.07131476975595648
ck_34a33ffe8339f66d,0.9096171450700073
ck_4e39e3b165edab58,0.852126562405834
ck_1a71f8081ae00190,0.9200762789773728
ck_ed8f1200fc049c40,0.9511411140504951
ck_8a5a57858e8c77f3,0.019375415914961697
ck_fff9fdc2adf5100b,0.1827478600189085
ck_c76f1bf40f3b787b,0.011258013180992905
ck_1a6ddfeef82b1b1a,0.007238539256127637
ck_478d2667aa9896d9,0.01728109420758708
ck_641c8e7694b21f3b,0.13724662394279863
ck_293581d879f6663b,0.5261726945713776
ck_1bfa8abdb22be8f0,0.24675328680572847
ck_05ab5b03d0bf9ce4,0.37344688709850943
ck_35694db37f0cde7a,0.010375324467304797
ck_fe33eb743d714c03,0.017191649461489114
ck_abd10fbcbaf2b038,0.0239610397327554
ck_46d51648c1bf80e5,0.12169522312827243
ck_5c8390017fabfaef,0.014181193389557999
ck_87d55ca333f22072,0.00524308375517876
ck_c39c6a1453e2b92c,0.006385772185497073
ck_69ff1b0aa143a168,0.011040084240992001
ck_e57c79eaab35ded7,0.06861739535253016
ck_463ae759e2b6ad1d,0.015875778749537082
ck_0dae4a7eb587f3ba,0.006327090659507525
ck_9b12fb56529ebc4e,0.01109087769717638
ck_1af547077ba2dd03,0.4250015996536217
ck_de13de941bebc7cf,0.014164380092743947
ck_83dde7da2bf647ac,0.008764848299932628
ck_c80a94d4660041fe,0.03082106928408836
ck_f39cfeb277ef6528,0.02327730263605025
ck_1cec1ed1512a2d3d,0.012763299832548194
ck_7955a359b6448799,0.005707067045985988
ck_8c0955dad13c3ca1,0.016508886790987897
ck_6d4cd2de601a2308,0.0216454022980679
ck_f4536ba8dd2d551d,0.009896273443448102
ck_b379c198d6db2d62,0.03649962103327745
ck_76ea90ebc74bcdc7,0.013746702610173734
ck_734f06bd4aa92781,0.05335860341848695
ck_677e1d0c14cbf569,0.009967716591439402
ck_259271c70f3fbcbe,0.047015499224490755
ck_c0b744eb9e7d4eb7,0.007628182585033322
ck_3d41faeb96802f68,0.0019782196094125766
ck_8f604fa70fc3c8e3,0.011775938488635208
ck_0b3c3bea0e0ed339,0.006967726756939595
ck_be5df076b8a86409,0.004029970340061974
ck_6a475fe324d7d790,0.014411804563258888
ck_3ba3fa5387bacee8,0.006023332337082329
ck_324b9939d9c1c31e,0.008881677466668335
ck_a7fcf7b592f68ca1,0.04641694159954836
ck_5b2728f7cca414ae,0.007385677269233072
ck_5f4a25ffd0b85a47,0.016642714151300555
ck_63d4f5076fe4406e,0.0044334090873271075
ck_af528d66c86f0cb8,0.019966852160871112
ck_ac7cdb9b8da7b5dd,0.01735702024610214
ck_3bece63711407e25,0.019081119387754166
ck_d4e0b2a12fcfc35e,0.024005409859197246
ck_ee3e7c9d3a9c74b4,0.1518680725452168
ck_50d7c4dab837bf66,0.017195598895365673
ck_ebcb93a2990fc914,0.06633701080567385
ck_2329cc9702cdf7a0,0.03513921028153776
ck_db1fa53d588bf99e,0.00850790799534516
ck_44e57a0bad5a0745,0.023094167720904692
ck_472c81a144f4631b,0.019882302660884463
ck_1658429acd5306ba,0.020060366338413124
ck_466103ec5bd9444b,0.03125225541850589
ck_9757163e25262b74,0.013920290035100051
ck_34ed59bc2c9b0186,0.0077698090991786695
ck_b7bd3a7f263f4f29,0.0462202062806143
ck_149662b09d632e41,0.022844897159852166
ck_a9ffd6b3957bd41e,0.01751203461438194
ck_ab80466ef615e85c,0.013843702660049221
ck_f2c824d3473db24c,0.00606334725287661
ck_a4a01fd45936b078,0.03385257061660057
ck_8f6ce158c2902877,0.010293430964386079
ck_5189a302cfa7cefd,0.0010089597970126998
ck_430a3d03be588201,0.015596495855607281
ck_b5f9dd00914b4db4,0.05240831379348928
ck_52dec82e9cf6135a,0.07553927425018463
ck_95e444a01e2ab4a5,0.03567023118951178
ck_e37cee7b123692af,0.023247281675668925
ck_d68d42858a55adff,0.03425243582309032
ck_3abfc010091d679d,0.015931748929871155
ck_cee4e4e1b62bf82f,0.06642196815823587
ck_9ccb17c35e636c5e,0.045636476215974296
ck_f72a5a3b0d6c1177,0.01450119944774281
ck_7508aa554fae6afb,0.09743236655505794
ck_003aa842b7ca1d77,0.7705352849266769
ck_83b2b192f41ee2bc,0.13729486661695925
ck_64796b6b2c3c7f06,0.04492775452928037
ck_6438ae81d43cb196,0.007891569300145599
ck_2bd73d9098504760,0.044298494621341916
ck_aa8b9b36a099e4c8,0.017534287469607182
ck_e5ece47d0dd10526,0.01349528283546709
ck_16077ac345472e6a,0.0325993303037887
ck_a4d6e152b0076964,0.009625677989125475
ck_d90b1d03ae151f62,0.02392236830924454
ck_18b36d342b530af4,0.033711868617843505
ck_2a01e610348b84f8,0.02569589872973934
ck_0a93ed76bf36c8b6,0.01662959226640901
ck_3d56b477fe2370b6,0.01407825612520871
ck_17ab3068fa303682,0.013409031130086456
ck_592a3520d841d11b,0.015058082254302104
ck_84d07028b5fca2f6,0.015126566665032879
ck_f4a2bb10afa85743,0.010446765193428296
ck_4fe4b072f03f2c1e,0.006329968928674304
ck_9ad08fcc183ea1e7,0.013083928435496566
ck_130d3848b9dcdb05,0.011522658812488863
ck_bb399ed6bf28c230,0.033620444845801394
ck_a31a64a39a2c4941,0.0054893970092366115
ck_c49f25dfb39909cf,0.021880345141409796
ck_55f50a9ae2db8ff7,0.012428916762504108
ck_09faa4e771cf876b,0.06764078997598197
ck_df520a7a6e405889,0.0638583067248601
ck_8c8c98cc694ac900,0.09037335225645081
ck_7f0c4f609673ef62,0.017195598895365673
ck_f51fe59cd445d2cb,0.011364921324626798
ck_b3fb83f0d772a831,0.007174069413956591
ck_d6e7e257751c299b,0.01662179480583919
ck_0d362ddb4a1cb6d4,0.09424513526349444
ck_a574a08edaf81781,0.018321529649974272
ck_a823f5bcb0e4b9df,0.0035501338476383298
ck_f792586ad0381eac,0.02598426593606712
ck_54bfd70022c66983,0.013301353880035194
ck_fe0a9372c9372de9,0.1134886779976276
ck_5691cd6fdb6d8147,0.009125888428356283
ck_a95f212a02433d23,0.020844640842964814
ck_f5adad75e1c06731,0.0428257943199798
ck_e09c97520eb0533c,0.03354538768199628
ck_a1e13c0d58560340,0.003946626820519198
ck_cacc2ca410cbe80b,0.029107423258238622
ck_c0dde2a6ef1e08c5,0.014950043524041149
ck_a04403073c90ce38,0.010578722417688166
ck_03d3026107175dae,0.016482928235386933
ck_50176dae5b1b716d,0.002832823091189773
ck_6c084bfcb38e96c3,0.03382045205472119
ck_36d2be9012f7909e,0.020226456948834463
ck_958acf84c6137a22,0.01522125491975388
ck_114722e12db90a73,0.007075837435902593
ck_203c2a22c0c165ac,0.028409054786946136
ck_2c44ca550e5cfa82,0.09939204095228822
ck_df0a8f20ab8f14f4,0.012514214961866154
ck_826a27ff7555192e,0.020935499392035116
ck_09a988ebcf062297,0.05058571191559716
ck_5c82444b3b9160ae,0.017321354415120577
ck_f6a4a7ed27fe76fc,0.03817408838488476
ck_17de46314b5c6a92,0.0059155685010287215
ck_335e63101b1e6c4c,0.09695402005699089
ck_c5eefc0697451de9,0.07923888339732756
ck_49a0efb5d4067b6f,0.6211552379564358
ck_c1f4509c8f5dac5c,0.031947886263945256
ck_57658eda1c59bc52,0.001971500640699982
ck_0d5c0736ec76385a,0.012342606343126457
ck_e0239e6ae30795a7,0.00974132079665063
ck_e4459115cd8e5e4f,0.015055109796230114
ck_bb4aec09d4968dda,0.07069280572544262
ck_a1b4c96faed3e0db,0.03497943346916885
ck_8247b79ac67aae7d,0.011847005955240181
ck_fe2fc7d6e5d83f09,0.010276878630282912
ck_f6aea576cde8d592,0.0013714642553480387
ck_b7e7f7d0cd886412,0.0452356348321564
ck_ca7b993e8286af7f,0.050921671800107024
ck_47de038381a9cd65,0.053513565855667314
ck_d38f941d09eec820,0.01425489758827423
ck_d9ba2a6c0d926b4d,0.010666341255717535
ck_cda72f597330d0f3,0.012053754367248686
ck_16d2d27fadeeacf7,0.006692531954076412
ck_be05447853d423a9,0.0013480558541021518
ck_cd92852d7376a4a8,0.014672597857667414
ck_2faf7ecccc9fec58,0.003319498012803025
ck_db8733fd92f20cd7,0.0224351191082411
ck_a9989a3a94c26634,0.02718261402434424
ck_957fb25437c75e41,0.056475197405032325
ck_e6a6caf6e7de17c2,0.12601585153405415
ck_f7bc569b37e8bdda,0.015949657215667587
ck_703b375dd86a6124,0.05252116770129706
ck_d3cfb3603f2c6ca3,0.021247449622433797
ck_07cb2b6f2a4303e1,0.027670748065103123
ck_31631e2028d4f855,0.017134069372000897
ck_1631bab0ba1256db,0.02929226446689068
ck_5fdafeaec036f016,0.014394672372594558
ck_6eda4c36aecad602,0.04158505057052052
ck_bd1bf9e3e29de281,0.09431566988313247
ck_bf378ea558a4125f,0.6602874939919533
ck_7aa2deeda0e57412,0.9970843242819691
ck_d229cf7f5a3f38ca,0.015719775520020473
ck_9e109edd124492a5,0.039008343701875864
ck_779491819995625d,0.029007332075587672
ck_b89c6fa2ad0a12f5,0.0255205376603128
ck_1d01b4a609918c4e,0.6845381681216618
ck_714c5d7cb17bc9f2,0.005394566643558761
ck_269f1746f2609ed4,0.004549341187095447
ck_4be03a2aa62b93c7,0.005358807575063533
ck_cf920313f6dd28fa,0.011526318154947389
ck_fb00aae4e17740c5,0.018136836662475925
ck_085d8c42739e2b10,0.992954516375808
ck_c72a7d0d03cf3e17,0.28112941056558793
ck_8f6ca5d3b17eac6e,0.01163172328268611
ck_d9573100bbff4014,0.23170705014695042
ck_79d6793d1d0cf43c,0.011929370987625445
ck_91fa5032f7aff0f1,0.02720611505936589
ck_87110d84872c0fed,0.01893064194164557
ck_8220da627e9992a5,0.006363196736778374
ck_2ae44938847f3852,0.008972926183129715
ck_b0f191e44f9b6f35,0.060854668755212143
ck_3049d744b527f4d0,0.007990527228644502
ck_47d3e8d1dd3fbcef,0.010653005149299974
ck_ddf787359d2b5deb,0.01587223773876882
ck_b27a9e39726b26d9,0.029253432233889088
ck_80c4e9274cf976b6,0.9951778102520498
ck_c6afa913168ce8fa,0.026367664457859364
ck_52427b3f8478db19,0.016837546456944123
ck_3b810f15ca0eaa55,0.008781071599835984
ck_0c9e420f97baaa06,0.8306989885885574
ck_f8540cf3a8b2f8c9,0.025403355790505882
ck_1402d24dd623df72,0.003951335460179003
ck_eb4f4267e24d042c,0.04051656916400982
ck_6f661b428d6fb8e4,0.020563138195490098
ck_519a26ecf3d29c90,0.01846754128849757
ck_e886ba71d4a6fd73,0.00838103086377958
ck_437f9ecd2016a1a8,0.012575717237763018
ck_f01af1b0c977cc06,0.048861272488533156
ck_614f777c2eb5d537,0.047522948527975256
ck_b804e784cde9af8b,0.0032273734199655168
ck_c2dccbc1b24b137b,0.24759646955309028
ck_1df4a1781a0f6999,0.03755519101182867
ck_bd2cdd53fca26171,0.006742455854970381
ck_424c254249a109f0,0.02098904867439193
ck_cf2ca4f286e289ba,0.02297496664724164
ck_6c33cb15b0d8af54,0.01009037819048206
ck_311d395fa9b8550a,0.011319351972272185
ck_9f792e7e721ff7f1,0.01945886608158301
ck_4c37586080edb7fd,0.00193622222496011
ck_7c4f42c5397113b0,0.010935408302629436
ck_fc418f53ce4aa579,0.9147369050837688
ck_1ba28fb7ef726ce2,0.010295499858481709
ck_d932f98bf6b83956,0.06431943024587387
ck_248b3659a9239240,0.011821295006998564
ck_6a92cf5f4cf5de38,0.01012831438741144
ck_65519d0fb137e0c5,0.027616835641833197
ck_ddc3fc99eaba2064,0.02552326715040864
ck_7310cda3bc65a73f,0.006620132913639716
ck_c01c85bd631d4054,0.004566895597236348
ck_b4954d16b9749829,0.017195598895365673
ck_f301f6758e170d66,0.019233415772068017
ck_9bf95f8c47e7c7b4,0.0034000441491913703
ck_c91b7fccf6aeb4a5,0.07289442804421424
ck_785fa45e86bc5e95,0.01384765437788362
ck_2a65f1cc23f1180e,0.003917099924825748
ck_a49a2c1f881a3560,0.034523516588105825
ck_def344d68f06d749,0.01728100400174921
ck_abbd1465fc730d78,0.01199479978708303
ck_07a5610ed28162fb,0.02451540571179308
ck_7ecdee2d7127be8b,0.15824922676384778
ck_67858bc00e81490d,0.0036136884438401065
ck_b4ad165ace910222,0.0050368996987141534
ck_30753ffe481a1b8c,0.34342346059667084
ck_c401a26725b17177,0.0017888914300663859
ck_819988d8a7f26415,0.008542109917357231
ck_3364a1d9261b3638,0.059026428620746946
ck_c484c5bda389bf20,0.01359516955236895
ck_ae416325fef92c9d,0.7844172020091279
ck_5517b9a865960542,0.005962837113966905
ck_a0e96fed380440b2,0.00971522896715217
ck_e83409471d2b0b44,0.01878518075724278
ck_127273af97d7827d,0.004732107914072655
ck_aaa9861c91bd14dd,0.012952886148593672
ck_a378c58294001a36,0.7728140001240587
ck_abb9d65ff1f95b64,0.005975010041782833
ck_a5ecbefa849ae569,0.022547100194010274
ck_aa9953c0ca2bed7b,0.018528131511869078
ck_40bc6de252865f32,0.005406184382116124
ck_9fb11688dcfe1513,0.03222428688592574
ck_ba68841ca2ba073d,0.036805700234762026
ck_1d3e561a7d20be0a,0.9706930172986648
ck_99a92d710a29c1d0,0.03179856550036945
ck_ede2e887697ffac0,0.01785466834578769
ck_e6de67c0d82a7b83,0.00899101277499737
ck_6b38763bf5ddbcef,0.016726074621701555
ck_8dd44eead7d765a5,0.022423534719291073
ck_30bf5b0056eea9e9,0.40389338657807766
ck_2981d16f8a51a8ed,0.03198637016914546
ck_fc60f42c68c7024f,0.024334749785205303
ck_8e2b2251ee224aa4,0.014006763406120497
ck_1906f0dfaf6e9bad,0.7505240148566765
ck_dcbe6814fc4ca0b4,0.04747782839936299
ck_f7e958a286ae3b57,0.05280465098191666
ck_713649668a7ca824,0.014078022581340683
ck_6f73cdbf9305e2ea,0.02082394859263663
ck_dd1c490050cd9051,0.021265249150891685
ck_e30db36e376606f7,0.10822818766906694
ck_740d8fe8028b5a2e,0.042978736593910105
ck_ebbc9418cd41f692,0.008637850291474528
ck_7b3cc6cc3f250f39,0.021487689898385107
ck_1d30eef7110809e5,0.25885662254554315
ck_77e0589ab339ca66,0.0488229712376655
ck_15ccbf8ff7d14086,0.010404620446725759
ck_246989b0c288664f,0.011243622135126944
ck_fc2a6e27b10b10e9,0.012256681469545352
ck_8afc1112c12f5402,0.01383713435342742
ck_a76e8d83b9141364,0.02901910074949671
ck_51d3e8dd7465c015,0.0026621358112123663
ck_e7b4016909405981,0.003396638248216965
ck_e7a3cfb9bf908e80,0.021115941397695133
ck_2bb49dc2388cdc1e,0.04495948944206738
ck_94f4266ee7871345,0.01972757183712328
ck_b2c896beec146477,0.015198138284986347
ck_fcf5d4a4748cdd53,0.04164479146721446
ck_fd0483639811f62e,0.17082197445016953
ck_9a21d183524734aa,0.07159069112086636
ck_1df4b46c0a4c317d,0.07775358145477043
ck_638df9e8a22dfe0b,0.009490640544140476
ck_65acc43a6dc3e65d,0.12492520370967085
ck_7c67b73196e3d0d9,0.2814033973583606
ck_b0ee3a98175b462d,0.02090602003649571
ck_20fad010969f1abf,0.032050695160249484
ck_54b087bd873af8b8,0.007064722801131423
ck_8007824431fa803b,0.03111657413536887
ck_23aab322810b9fec,0.007407075396395847
ck_c8001bdb9aafc8a6,0.012154367221363975
ck_3a34c3ac83cf84b3,0.21681867192347143
ck_60187ac2c473a662,0.9850006154926929
ck_6a0ccd7357979f0f,0.20170167725227475
ck_27f20337bef5ffe0,0.01922101889205022
ck_f9fc468915afe49c,0.06705599030004687
ck_1eabc15a94bd9009,0.01364391814276099
ck_26896c494b2768ef,0.016902831693085825
ck_348c874eaf0354f4,0.023285395854836587
ck_be9c46acd216b45d,0.07128713292128444
ck_a3cce46d15cc20a2,0.09142955067337351
ck_70804f60d9704128,0.09349442537680716
ck_a019151ca8e7527a,0.06820861565941821
ck_571133b2aa8ead51,0.010339958087751028
ck_0afa4449f20d5196,0.08148815697289064
ck_4d503c41cf4e5034,0.023361853857474506
ck_d6fb9cc5171e3e9b,0.23476183357252195
ck_05ed92a7c3e10e5d,0.015027339351499776
ck_bfb067986660afe3,0.03146924447328343
ck_c1a31690c8573226,0.008706842861546224
ck_cb88ef3dc1f42225,0.013741187222767516
ck_21e3b3bd998745e5,0.03606446833787928
ck_cf52e46fa54e4540,0.012946831715352197
ck_b72c7ac4208052ab,0.025053420607432514
ck_e6465c56b337e6c2,0.012934206899924085
ck_5f87eb05d18186c0,0.018670912141237683
ck_263f6c5ff26b5e98,0.026926058719730143
ck_e0b7e2c0bbe228d9,0.03730751642019279
ck_b657ae3c146cb7bd,0.021144688948640498
ck_abac514d8167ea58,0.14979760607072806
ck_024dcab126876002,0.013730223578432486
ck_5d8481e2b38bd99d,0.019725485720033697
ck_edf229c17d25dac1,0.07343910216855216
ck_6cb7c97b72d6b5d3,0.02422716299226105
ck_c96ae2c28086a059,0.009284425761968867
ck_2f241b97c0f8389e,0.0313520106173447
ck_9158bdbb63ee8987,0.010366114487799921
ck_e7b40b60786c1530,0.003469205479616229
ck_66d38518f68e6194,0.013243452077563207
ck_8c9b57ad2a991416,0.046668056707957706
ck_cc91bd7152d3e9ba,0.0061594899508724535
ck_0d846660c7957a88,0.07781385079773759
ck_60896cdac2212bea,0.14922015651095902
ck_dc4db8b932df49de,0.09241601652804961
ck_2dc31db181150e20,0.011435782171802885
ck_2f138fce1171e277,0.002268142601077666
ck_68b8b859a6ef505b,0.040772290370314684
ck_c3fe0c6c5e1f40f6,0.04067799557931999
ck_15886fe84866de92,0.005710897522741491
ck_ea269b35406473e8,0.01555474599115542
ck_3ce7cad1f69b71d6,0.010558672426332271
ck_054ed4288ee58d6e,0.026800155246412688
ck_3d4913a86f207fee,0.04804806150574546
ck_23ff85f9d2355e8d,0.016627352694068228
ck_d87ab3261322216a,0.009106379878057035
ck_fac046ce336fe39d,0.009318819436226967
ck_beb97e498e6cf8e8,0.058687294963871595
ck_1f517e0ebf397b51,0.049900403745282866
ck_0af57ebaa45877a1,0.00355794299286191
ck_f99bc1732ce5e999,0.02649936299620524
ck_abb056a9deab275a,0.03655630708708228
ck_0bfc394c5faa65cb,0.016459396916938113
ck_ddc865af1dd5670e,0.03273883696628614
ck_68b5542459638b56,0.08568318634785635
ck_0b1d84252c0b46c2,0.012124385035620033
ck_520ec32c4f253604,0.02720013653181522
ck_79ffcfee599d77c7,0.03127606852161258
ck_eb224c0fd146253f,0.0710121456675959
ck_0e477084434da450,0.04344429080163116
ck_07840bba5570785b,0.15918396220019299
ck_6b67fe8e310ab865,0.01537837613701013
ck_e2a1068c2fa22525,0.05788383051213813
ck_b9c6b32f6bd92a3c,0.07649816789282003
ck_c1e7d1021ae58f00,0.0037402043480882323
ck_5d7801201749ffde,0.018136836662475925
ck_c8806749e263f70b,0.0016776720696225307
ck_c9eeab826781dc91,0.012965286685579587
ck_309a432c160a17b3,0.015071541388718263
ck_b22e3337b8e3dbb2,0.0049278533837219
ck_79c30169c71b8033,0.8944799626474415
ck_5a6593d954085775,0.02301553103720571
ck_70b9b79ea1aacba8,0.02850926287358073
ck_63743141ffa11f45,0.007180872851026141
ck_dfd3dbd0d97a642b,0.004932701302447192
ck_635646a661f05b4a,0.01912148561773809
ck_4b123d6931b6d0d7,0.4296991015200023
ck_f2b0e7a47f442557,0.12591544932730286
ck_1b1df006b81d38ba,0.01951507262979772
ck_360237c1bd30f4bd,0.0047187456745284165
ck_5e84bca0e362da20,0.03712806135025413
ck_142dba210ed2f3b5,0.10235605565325152
ck_a3564236069e3524,0.020430124509035662
ck_cf36d8b070ded782,0.031419018979137014
ck_ddd6625c5eddad70,0.0026041472327855693
ck_ad54292a0b2f44ef,0.010651741413630933
ck_45cd5ef6b359e9b4,0.002757477286135551
ck_982c2392238b7be3,0.4178548634851246
ck_083e4ac78685c3bb,0.034877021753357475
ck_729cc0b46cc2e546,0.2840508011576462
ck_f2b8995fe5402759,0.008725301862396805
ck_73e24f5a8da289b3,0.09001287173933842
ck_bd85f30c36f5998d,0.018513546539116535
ck_ee4ff3aeadf912c1,0.019083487220298047
ck_63d2978706e193d2,0.008062153087949945
ck_6a0684436a1e66c3,0.09263150405820349
ck_182dc4a2f5a366da,0.01945415982784416
ck_e6fecb82fc2a82de,0.017942754185693726
ck_cfb06f07394dfe64,0.006849059769638408
ck_7bbe1dc8add17ef0,0.03509140298197087
ck_5cacad76e02c8e3d,0.45420070333597123
ck_ca68dec0c7df5a12,0.051536799761136974
ck_e4c0fc52c82065d3,0.010048506699946634
ck_f9197b070416f443,0.005897432151047475
ck_2a07c7021b71cf65,0.0839467227920932
ck_4fa85cebf707de2c,0.009498238484345127
ck_0063d2a9507467e5,0.006968851392555051
ck_ec986285fff05b7d,0.015053318950683892
ck_279d43303708109b,0.01328910996716616
ck_a406bf11e48cf8c5,0.10444490731967365
ck_064b2aa3f0bfdb6e,0.017956732529862802
ck_95790440bc4bd2d0,0.016781879153165636
ck_70066eea13b4c34f,0.011556950567883972
ck_19468fe07e26f992,0.9640354604672807
ck_86bfe328e0a533b9,0.7964578903037612
ck_ace3b96c977a7560,0.02825581715782832
ck_642344e5c652d8df,0.02897292093913008
ck_074be35c951ae10a,0.02004315677541934
ck_f14dce41036486a3,0.9912787550547729
ck_5cf67a3a747e684d,0.05226636490225998
ck_f7285b92648c1c81,0.02633015700874768
ck_bef3193f124fca5c,0.1095588711561269
ck_05c4dcbb45de1f8d,0.03293360003571048
ck_d7c28eaa05bb7144,0.007649211042265378
ck_320df984791a1b99,0.006244882842065396
ck_f45bad1606fa00a7,0.005193112158505749
ck_6f81c199e986d9fc,0.008191450370236043
ck_d0c9633fed57c344,0.17154818989429796
ck_a3c25d6cc7478068,0.01602919470305605
ck_4185506d12cf9fa0,0.010694392034565174
ck_7a02ee1bfba7353b,0.0217659090332208
ck_1b52590757c0fbeb,0.03359931249088295
ck_a0e5656e1cf9cbf5,0.0014323020020073332
ck_ace21f6daef94f6e,0.007709045894495751
ck_646d8d0834782d6a,0.21696038748699184
ck_1f136a4476b5e775,0.023083060161984588
ck_325c7643cce02da3,0.026451259561790567
ck_9b5e7fe28208f5d1,0.005430765198755845
ck_05d81b1a150f31c5,0.007797782778948855
ck_0e9ec486bff403c5,0.010932425032656515
ck_ee13c091bc379188,0.010179651755806568
ck_f7a7f8f5903617c5,0.014003465857743763
ck_96c3a3517153390e,0.015200149526729836
ck_538dad7f096458ad,0.006464871070561801
ck_8758fc6622bbb7df,0.018088002848472975
ck_f7e53af3c91fec64,0.04072742300525059
ck_80b50fad7f255e1d,0.04710955522233976
ck_9645e7adc08631b5,0.07653195795379451
ck_e007aedbf37d6ec7,0.007855142392240886
ck_2951d76c41de2569,0.039617581205332715
ck_9439bff87e616d4a,0.14575335305140974
ck_a73045e96af0e4fe,0.026884117864667594
ck_7b382e533e2e925a,0.018136836662475925
ck_730226c2d216cacc,0.05904730379953814
ck_bdf837d761a7cec2,0.03532484926105975
ck_0b34197335ba3341,0.015656408670568205
ck_49170c4b31a20f5c,0.0038410542482318396
ck_cd553ba6589d8bfd,0.0258034368753089
ck_56b992c6f136fa5e,0.03611323423941766
ck_8beae3d7328fa41a,0.05853777813028981
ck_1a065ea906ae3d6a,0.029926005291279402
ck_e9e3381d5e0e5051,0.0037762285507173606
ck_a6d4f998dadc90c2,0.22649655362831314
ck_d36733da917115a6,0.01549210528957873
ck_e738e920bbd74a7d,0.01562876400881609
ck_af65eb885a51048d,0.008052721347516362
ck_73f4eb09af29b1c0,0.017540387929672132
ck_8fc641b1750a2542,0.049065190233795346
ck_41b954c7a948c060,0.14278032803513102
ck_25fc3010e8a0f6d7,0.0796772924547976
ck_a2624e0387974e0e,0.06738840451682045
ck_5cb9d7b2329d5ab6,0.034136578931615175
ck_6c83aa1d100a7cd8,0.20168001546633244
ck_67025c64588abd1e,0.016314063994533935
ck_f5dde68f6f0468e1,0.011186800692783522
ck_46bfb2cfc29a6d2e,0.040499395606555535
ck_49dddb894d33f6db,0.04064027751985683
ck_f738b633b8862d18,0.007662386919746083
ck_3d6c3c00d854f5a4,0.06691710209640467
ck_cdb8061d8d1a6c5f,0.03177313935798895
ck_5e1b81848718bdc3,0.031206529523829945
ck_8def763034187436,0.07071587068176394
ck_8f8e4fb9c6190272,0.007971657068242448
ck_368b968b5f33431e,0.008684127609109643
ck_ba7e347251ea399b,0.02634385946135837
ck_9075432001a64e75,0.01593281000069676
ck_73c5371635aca173,0.24381448306463124
ck_81793387b38047cc,0.03310900437657307
ck_0cf220816e320ac5,0.009809129480682464
ck_820219bb9c761b52,0.030125643310396244
ck_70a932ab39d86a24,0.002636979004323871
ck_2c4be237a7ed79c7,0.024047268294735927
ck_acc764b49ef02826,0.3419092801684724
ck_74c3c3452e4e7cce,0.013059026084767729
ck_34dfb57e5bf31d2f,0.019063020745693677
ck_6ec39903f765956d,0.028695192285303428
ck_5986119e7d81e831,0.031050681951506
ck_2ddfc948b8eac752,0.27169370698651363
ck_921ff5ceaf40a968,0.02962617503989393
ck_fb3b68b4424b5f92,0.07642847838679326
ck_c3db1b3ad4f16679,0.005690527823095181
ck_124a197be41687f5,0.012213818728434127
ck_c58d9151834f5bad,0.02915107055097574
ck_389607982eb6b701,0.49625872182280073
ck_fb0c138c003e933a,0.005298785150269451
ck_50d0bb7edd8c69c0,0.140763516484747
ck_c6cb651149dc9a8a,0.027836268111094346
ck_81e21354e477eceb,0.06879208083264532
ck_7696e38b3e4197b0,0.02083160767828192
ck_586001d3ed9e7fbc,0.01132044221155522
ck_bba413492dc46f2a,0.020491122736786566
ck_95b894380ad2702a,0.013045178934017592
ck_277621473369614f,0.9953074010835993
ck_a50621b5eeca84b4,0.013132169471418483
ck_bfa7ba218b988cde,0.11194364464397775
ck_5ea89567dfe78e4b,0.01695511636910251
ck_6c679602a6476ab2,0.016458921034318397
ck_d3885e286b3b11d2,0.0583627711829397
ck_cdcf6671b37c9c92,0.012713953575766185
ck_b5c93e6d34f8d366,0.0079835323270122
ck_c24f61925dc158d5,0.06501077003207427
ck_cd09375e6c81d2c4,0.018682486634134788
ck_a95afc7a00303a26,0.05972517013909652
ck_8e89ca8b39f3f8ad,0.028550263128889124
ck_9a84b396aada3fa8,0.12385836244976761
ck_5124a2e415384945,0.03916625448672175
ck_d66bb1f063357f99,0.03356852731287853
ck_0fd9312411b0ac55,0.0202377535664083
ck_ad8cbe6e27e47ede,0.027617033807087518
ck_8398adeaf41f9cae,0.031336556694088885
ck_dcf851e7bb5855d0,0.006091546934006687
ck_9affb0f26776b642,0.02078208225351497
ck_f0424b3b36bdbef0,0.06427131674257167
ck_66746d1090d6d9e9,0.019327668799208747
ck_e5f8c8a5824db594,0.015785095849083053
ck_3e91dcc209431984,0.015841841579974692
ck_126a82e8d42e5ce6,0.029720269221690257
ck_38e4a74ab256e2eb,0.007797405480894443
ck_1225a97fc413a419,0.06236747175104939
ck_9b5ec0f78e160e65,0.028675319571011257
ck_7c5529bcc079600b,0.016086251320507162
ck_29640fc2fe81c251,0.08112497135481564
ck_160e9ba0a3f7c1fd,0.027935665125387168
ck_bff090cb4ab76b9f,0.15991541679866242
ck_aa06ed358e43db69,0.05324092539832507
ck_7264486eb512d84a,0.11503582087716868
ck_f5a32e6160b28379,0.041105343620291994
ck_4ba8bec14c2217e1,0.01998880498293668
ck_610815786d729d2f,0.1276334340001811
ck_e267999226b6321b,0.006844797139535314
ck_f3996a3c8eea1ea0,0.012165338045895103
ck_e9b75ed7567a3f23,0.01871980925226768
ck_d21612d48bb4f7b8,0.03509013906803836
ck_1f871df76c6a995b,0.04771134451960684
ck_953bd5de48ccd70f,0.5675830698694035
ck_02a9104419a6dbaf,0.022929238747091685
ck_1eeeee651e05d535,0.016643090317449614
ck_e2ab04136a442a98,0.028284230668575012
ck_f0d806624ef3d359,0.02451418646569532
ck_4b68b38c1b3326a3,0.010623472842957692
ck_74e60495f8861156,0.020376331329384444
ck_398f3f4cf05c721b,0.007292280656110996
ck_f761b7650a0c1a85,0.2684905895015146
ck_7dadef33f5e2d94f,0.9496230909909681
ck_6ff6883633b8c7ba,0.0033868960797789976
ck_4d2159603045109e,0.019322829567299724
ck_a38bd07a5fac5c9a,0.03375445405134763
ck_f517f06551e69507,0.004426521732667626
ck_a7ea00a1760ad561,0.9858826929180906
ck_31fc51d5a3dfe16a,0.051299796369896726
ck_bac5233623b25ca4,0.008427827680952212
ck_385188ab27784fe3,0.04998997181262726
ck_9947a323bab5cacd,0.12097698101130638
ck_7973edc9f22ee7b6,0.04092322976876509
ck_f97c477986043755,0.020052885785026165
ck_1a3fd2cc4b4de196,0.03730307761113767
ck_e18ac29ea62cb435,0.03260095637150799
ck_9720a472a3e0140c,0.0031237731076179946
ck_668c7fc7d7e47c0e,0.07135361630712861
ck_214af0806470ef48,0.02146953063093336
ck_a46c1773f01f0be7,0.059667063179073915
ck_f2bdcfb4203ffdee,0.0806093625561444
ck_40e84e6ffe788a4c,0.030984450671234884
ck_dfc6f5712d8d6678,0.0767549487319923
ck_01ef1036b2e66a4b,0.007334833985648378
ck_3acfec10eec32f9c,0.021605488510415834
ck_084a85145c15ed77,0.019622519441507065
ck_fcdb4fe2f095fba1,0.03438178598901328
ck_023908db0a193076,0.17352695251883513
ck_fec0ff92fd622253,0.03811610465795246
ck_c009c97d5fafbced,0.1356907184453066
ck_eb9f0c06ee017ee5,0.013535164784292151
ck_d7792b429620fc24,0.004613458318745697
ck_5e9e149a3b69c726,0.04211591758350802
ck_ce927322ef8f651c,0.013872778111502624
ck_b8fd61a8e82bce32,0.9538368884249817
ck_9aafc33fba1474cb,0.003104470606891432
ck_ce81ff9b8b35562f,0.11237876023273088
ck_25bfca1d8eaa152d,0.005271585424933605
ck_170c65860e2a7e23,0.05171053204228428
ck_952da7ca9f33decb,0.22955453041764054
ck_1ebd574406235957,0.014070366798034119
ck_589109a188adc2c1,0.019553355216357968
ck_f0cbd5383bb07778,0.022402465813852298
ck_242521e261148fba,0.009053458548221085
ck_509cece86a558de4,0.16741068291402897
ck_0dd7c5925d28755c,0.024841655197206786
ck_a7e669cf1c3985aa,0.023175207600623977
ck_acb84dc2351eeb76,0.007707962285744241
ck_b837c7dac2a9b931,0.04144624063228657
ck_18eb1f9181f95df4,0.008378829587451278
ck_b0b9047dddb1ec84,0.017482863981447046
ck_43aa136bdb0a2832,0.3335912584479104
ck_3e47f8c56c811700,0.04537995717284292
ck_77c587d24695ea15,0.019804958061822517
ck_20578ac693ea4e93,0.013109665678257118
ck_b9f6040eebd1605f,0.049913275197799784
ck_ca9d86f65cfdf018,0.09299979967091847
ck_a4fa8833995c716a,0.03555800561468974
ck_f589f1e29301b5fd,0.050770438209604654
ck_961ddb8ff55d868e,0.0034120114820879992
ck_5662492a54e6688b,0.13118065719702904
ck_ad48826c1c26eb78,0.042241840776420854
ck_621c9ddde6bf2eca,0.02850348297865195
ck_417a3500b2c717b3,0.0882821906552482
ck_c7e129058beb3ac1,0.03638716151129324
ck_ec1c902b9b9b9c5f,0.06621555206794545
ck_317360ec0a67d27e,0.04197364376286893
ck_3e3ea5d8c4a229dc,0.16639635579054396
ck_d11d27de7bf0b973,0.031436825246810386
ck_d37d56e931105db0,0.024511890602408236
ck_4863077723cd6ce1,0.011606642754281362
ck_479a065d5903e9c3,0.006792128666240587
ck_e66ae4fd586fedea,0.01351727620789622
ck_192bbfd0d5720134,0.01454496397409482
ck_3b436cb29af99f3d,0.046770048244746544
ck_7c7ca54969eed187,0.03119926019425393
ck_826ee896c9f1144d,0.08996624102003047
ck_ba1f6dd43fc8a0b1,0.007461099557662978
ck_49685deb63e4e8f8,0.017342034842131194
ck_687ab5d5554bfa79,0.030965684607929315
ck_41346ccd9242cc8f,0.0029210443289742045
ck_8f8e5e2b9dfec3d1,0.04882637532728055
ck_94d5ce61a0c50465,0.016756956523132856
ck_6b954c75aad8c012,0.019680090773735903
ck_748af92828c9d288,0.03353661865322508
ck_dddd14091ce812c2,0.02044651491529485
ck_723323f6870fab59,0.03423555780842833
ck_dbdf8d0708cc6718,0.007126158359997472
ck_f04938570a154de3,0.011204509824600332
ck_58afa1550b3b5294,0.018610136289043264
ck_3b150afde386ecff,0.013242558279989384
ck_666b95e75d99ec4e,0.8891516618029798
ck_e00332597cf1eb24,0.022747246807152163
ck_9a9e3dac79280d7f,0.3817918513435064
ck_e8d37262e859d9a1,0.025403355790505882
ck_895bb39d24bc1c4c,0.009802492792927095
ck_b367449195e36499,0.009035857282704802
ck_d23f9a50d1135ce1,0.09009507912352425
ck_670dc4910cf476c2,0.011072912210530613
ck_3ecd8a5ce65e21ca,0.0030761022695144787
ck_8584fea2df4c6317,0.018180073487180717
ck_0789ff4562202b20,0.06093469501094438
ck_749e0e50c3907be8,0.009206044706136172
ck_c3ff6790cc6d7e34,0.023589504833531807
ck_75fb7e56432ee4b2,0.0076023055351508075
ck_529fc3170fd11abd,0.09085266098020867
ck_34a69b3b4a681796,0.21300278785824023
ck_255f0e5888ae9e23,0.0257987780403323
ck_65be698386474170,0.014741243628718386
ck_5eec9ed855c26000,0.014405909740009135
ck_5ab39bdc9610f6f3,0.4032870590525876
ck_1b5b75762f033462,0.014767447611307924
ck_d3e208671cf37f91,0.8879090758061943
ck_5068ee554ceff971,0.019891881724520017
ck_d7d50fb57fcb2d0e,0.007158538888216127
ck_ba6e1115fceaa067,0.024541946259864812
ck_d07bfb16a4a7dac0,0.8173971238283565
ck_ead68310311690c8,0.2300595625446021
ck_ee53ce862bc9c111,0.02371078920998136
ck_97e56e6037024dff,0.005653402928833719
ck_80b04344c98ec072,0.012383233927137091
ck_5954f45a2ab45f43,0.03106534994299851
ck_18ddf7e836256e3b,0.016186534138343853
ck_89a1a780144d808b,0.013652221724589048
ck_a7331e8b808c39aa,0.049119210673968544
ck_a1fd0ad03ff9b776,0.022554900340748908
ck_c0cf50eef030b401,0.0214716081477542
ck_074f20921189e7d6,0.005708492570001402
ck_e2aa7be60794593d,0.040813271028619785
ck_72771757dfb7f7a8,0.044894220777931995
ck_a9cd84a6dddfe584,0.012033297510387352
ck_142c00f9f8557504,0.01373956888819183
ck_221b5d40358230f4,0.03742582946935342
ck_a2d7a563f520b7ea,0.015312444592267237
ck_66cd34bc568d95e0,0.03332304033927429
ck_a17128972d3e507d,0.007958756792446916
ck_bda299466bb2136e,0.014794292975540633
ck_2b699066665abe8a,0.03780357043495691
ck_0ac9848bd4ba0c14,0.01324168825391166
ck_98d2f9a6ba3a3077,0.953541673646154
ck_a872df31b28a5f7f,0.05903014091660571
ck_7e73e1d44ce82ed9,0.012369920138897463
ck_1a415416f620d49d,0.0314402500908681
ck_c95c786d2f8b8edc,0.003546719941053069
ck_e45012f22b7f91d5,0.01520174171895065
ck_aa0b083e2a6813eb,0.02673040191615853
ck_4666232ddbf77756,0.018280343895772058
ck_e08e9c8ec5f23d8b,0.034819202518054884
ck_31d4c0518e5f52c6,0.0410655370218444
ck_c1ab40638f04cb02,0.013397452533507603
ck_4c1fdd1669c7cf51,0.01674955525874912
ck_11662cc7940ffc82,0.04059892360575638
ck_2e679af24adedac8,0.07509317235661972
ck_454b9e21b7f25a4c,0.018170201507573834
ck_355c4f29089731e8,0.38431307319333813
ck_507e40760a24d2d5,0.053463486399251345
ck_0943e0f305078e34,0.9615341127516339
ck_abc54ed7111e9ed1,0.014955512210689845
ck_a60fe02fc04407a9,0.06085242099711175
ck_244b897bb4d57c1f,0.01405857909861345
ck_8c84fcde93a04334,0.19363983424785547
ck_9eea37d2de633b27,0.05040977181139181
ck_b2cb9e6610eca967,0.00834156477138813
ck_09aadb4c41b166f1,0.12659839666381567
ck_8d94fbb4828ef326,0.041056475656117405
ck_089e3a07abbe3b8f,0.0036996236476282266
ck_dfee9de05e3971cf,0.01775970882424307
ck_6abf8302ce052451,0.055614044770905646
ck_6ffa90143838a4a2,0.008508679205550042
ck_325caeab5c7a9c3a,0.007507233546167841
ck_1964ee9db929a173,0.7694057709741445
ck_942b95988a6245a6,0.06346601564160066
ck_913ecdeeb8e21a9c,0.003674050003773987
ck_ecf9794349eb4b3b,0.04091862998290884
ck_b6cb8d6ae828eed1,0.03575450245149704
ck_2f82ea66c4f53b33,0.05686890014519117
ck_6e676daa4855b58f,0.04309305434458587
ck_2a37fef48b44e9c8,0.012945138347807675
ck_3bd12d468fdc2450,0.015514078126288446
ck_1a28b6a40a6bd3b4,0.02982312923320504
ck_61b79dec96d15713,0.009982717906105772
ck_31d5e3daced93d3c,0.03139020596477649
ck_e6c8611c0cf233d7,0.010625304325020346
ck_f04761b4a937ac3b,0.013293749626265262
ck_38c1c75cf055031b,0.01575692726814032
ck_59a561f3df01441a,0.009491660126591235
ck_04e40f556a5062ef,0.011529499158919074
ck_8409716d174635b6,0.021982021478167073
ck_3019afee83342701,0.03694247585730478
ck_b51a58e7f032c9a8,0.052504696480596594
ck_5043e474f848346d,0.018277430672240084
ck_4388abce33ecd01b,0.3096349352544706
ck_c93def7392f0aff5,0.14308970909188676
ck_72e7b1acc19df820,0.051904726126800485
ck_f253130dc3ca5b3c,0.011711158299428962
ck_eb264d1b180d4b4c,0.029114919315997537
ck_c2504f5a113433ee,0.00437611599038625
ck_c16ab1e4dafb4910,0.11979886944535928
ck_4bc42878fa180991,0.026758639458333105
ck_1c771a7c78f6622c,0.028080064750212436
ck_d523f0e50a2747ad,0.008601094752691201
ck_9060f4e7ab7a1b0c,0.03393931934859183
ck_6b55ec4e87a5e22c,0.0741245760084725
ck_55fc62a5f89a7251,0.03445676912301085
ck_bd2545c62f258231,0.14346335655720524
ck_1ccdc69d0bb712b4,0.01715422449832788
ck_710f867a3bd5898c,0.01589338268865113
ck_f91d48c40337d375,0.05594178914197552
ck_f76d929541ed41dd,0.14446573687508305
ck_e26a6659c237b650,0.007907097061240922
ck_184983177b73dea5,0.012801638376561486
ck_6d0d081bfa8a0022,0.047320515357984906
ck_2f6e64f638da0f97,0.0383379808695157
ck_15b93103ccd38609,0.010483625394703378
ck_094d10439b7b4eac,0.07426022036553293
ck_d2ca47180a926ba2,0.07220786738785089
ck_a69ca7b9d70972bb,0.00743921447867087
ck_68914e67343a7d32,0.015257120961433227
ck_8176616132458c0f,0.04277203591622829
ck_eee99af3598311b8,0.02432583439777008
ck_94410eedfca91304,0.038179731176291094
ck_cfb11a0a2325bff5,0.004114369861237453
ck_75217ee144b715f8,0.022935955242773916
ck_d56fc799542299b8,0.013217037751708618
ck_4c352dd3e7c81269,0.08444599265683675
ck_e23e50e02cb3904d,0.04662167233333368
ck_b921af37d500e139,0.03327461275462839
ck_82181b935360dcbc,0.9938319548106762
ck_22a7cf3b99c5e5fd,0.04916308528776033
ck_f67ee7910d532216,0.010419925610966113
ck_5f48762a14a0326f,0.016921714072783065
ck_1757fcb0e6e3f88e,0.0803752460468455
ck_2c2f080ba185016e,0.053940518029235475
ck_4c25570eb72711b8,0.007157702189346021
ck_a3be871ca22ac416,0.01418669926016714
ck_ab70961e7c6695b2,0.01579726571167524
ck_a1cdebfc42a52448,0.020415630426994187
ck_f1b80b821a20186d,0.02161475637676134
ck_ae668e4564cd2aa1,0.016766931070785994
ck_0e2bc3a5afa439d8,0.04031686002660532
ck_3dc378f37d0b74b8,0.01806681739759702
ck_9f9555197480d1cd,0.05531958737045131
ck_bf4e7d48770a4a8b,0.10437378667868934
ck_614ef655f0685060,0.031500786871325376
ck_04d2ea38ee27770f,0.01569963301742145
ck_e03a9d8ac94161d5,0.038579580537402354
ck_d4007b5b26d9d854,0.005304963503372501
ck_2dd147ce6d61749f,0.013009653354874312
ck_ff45764ea7d6619f,0.03606269743951138
ck_dbc487cb0a6c18da,0.7922215103910094
ck_791d5392bbd80447,0.0031612361275443895
ck_b4068439c413b150,0.06469570700725133
ck_85df7b7de9700aba,0.018073126180367504
ck_001e42551cd06e40,0.01728580337458725
ck_a6c02ae50932cd9d,0.16353419621021315
ck_9fd0be2c018ff5e4,0.07859378593588771
ck_32a495128395fde5,0.012500576229312107
ck_b6f2a2fd232c141b,0.16650050878653821
ck_28dde633692904b0,0.06387126222406743
ck_a1a93c5f375f6021,0.0415687670737499
ck_e3982142336782df,0.03111159807834214
ck_a9812ff3c111ea94,0.07208831991627539
ck_f04062216f95fa00,0.034720381501722956
ck_7c560467daca735f,0.009373281654737189
ck_76ee10d6e2dba70f,0.061905553054432336
ck_3521243bdac61178,0.050533448715456154
ck_28588fb03b320520,0.05676016239984572
ck_580dcec33ec232b8,0.0925507092911105
ck_7109923fd7dab20a,0.019570333599096785
ck_7c872c99481c1e9e,0.02064573588027447
ck_46f4e1f5026f4d1b,0.0037048676377600823
ck_00d1ebc31ec4653c,0.04081412244867089
ck_aac70764dde15168,0.04850717390063334
ck_648c03f9aa4e45f1,0.014502206816900618
ck_5478eb69ef912785,0.08670314151916308
ck_79b8523137bb2603,0.04957479642937581
ck_795c49f312640019,0.0009204613952023301
ck_89184bf7b7fe41cd,0.233046655999867
ck_97d4bd922996fa10,0.051576050399175816
ck_1cef30d08f3a598d,0.017859740297084578
ck_2f9fd36a4a40a6a8,0.003930111728253018
ck_40780fc0f8d6f309,0.03706875836641095
ck_9083ca9fec2a7f4c,0.006273676489657144
ck_62081bc35aa59931,0.04673534549425807
ck_2e1b46c5fc56b863,0.13454657706606843
ck_3d139692c51b604a,0.07798570588528222
ck_b5e54e22e3d6960a,0.018136836662475925
ck_c0c4be3f44311b04,0.0054658802538752925
ck_82a8bdd2692c2a5e,0.0033341695639636385
ck_bdd2da300b530c5a,0.015243502398055327
ck_ee40498cd97183d3,0.012471935722395605
ck_70b9274473bd6dfe,0.003314239285091277
ck_473d6314ea614b29,0.009888699596213565
ck_7443d6dca8cd1352,0.03108776706278303
ck_3b49768b448b071e,0.008950450124664928
ck_b43f04431c267dea,0.03490221132737302
ck_4424a5223ba2fe00,0.0652029295146827
ck_819bf3e8231f4081,0.0270811572260455
ck_91d417507a8c58cb,0.19886638955172117
ck_e88e86b19cada4aa,0.024263704202004313
ck_59684167f9c6bf4c,0.06555228637335037
ck_d5f5b0dc97b9dc27,0.050549410183322485
ck_13d1b192bbff8f32,0.04360674943059361
ck_b21d8630387cabce,0.01152871829318289
ck_e4ac22046699b99f,0.006189337970130689
ck_74b848064f2ff45d,0.0067705134753228815
ck_166aa980cc87fa77,0.07401239460437473
ck_98e337806104dd88,0.005506814389742414
ck_66eb09be007f0755,0.029633148162164214
ck_3ec9b9d8dd7be11c,0.016413981448836646
ck_8b8b9de339d75d0b,0.02398675241453463
ck_6715139e240007d9,0.00728203245153935
ck_a0255ab46e122d2f,0.01046573731094302
ck_66e81a4190c33510,0.010047139469618119
ck_5d75ea4f5c9080bc,0.07619548870067672
ck_df69858b8a8b3165,0.017195598895365673
ck_e15252ebd7553422,0.006327260028919141
ck_34d6d74bb3ed11e5,0.027149309183198522
ck_c2608f78f6851d10,0.02421250986939228
ck_bb99071e8f58c8a4,0.005194862445844343
ck_06010f0df5b7cef8,0.01654492531249344
ck_8c582eb0f6c0148c,0.027396525797799144
ck_0034d010d28aea78,0.008872974050160947
ck_01c1f06692566ca1,0.013274453873434183
ck_4807726e797fb893,0.023296879742101973
ck_edc9668282e3c8cb,0.02442319186252784
ck_5486768475af7bb5,0.638010497864029
ck_3fb9813849e51837,0.016701256060818345
ck_861af5a9a9a6d619,0.022713246298499846
ck_da39653add0f1109,0.005296489983299642
ck_74a4244eb1f162e4,0.0024995398383650916
ck_9a930faade55b8ea,0.008616433564526363
ck_fb6e06ca88519dcd,0.010709261279077762
ck_9776cd8263a9f415,0.06400635345137026
ck_b3dd1198ac5aea73,0.018259679289356477
ck_b6675a04df1a4276,0.010895563499934901
ck_5c7ad6e731b69333,0.297764794512688
ck_28dc0fdbaec00580,0.07172821594184674
ck_8e7a32f7e3905f4e,0.02199580066392678
ck_8563fed6674afc77,0.008364826294416428
ck_9a2fcccb82da663e,0.028389490590676893
ck_6a519bdac0d94527,0.028570136586226095
ck_a0dab7aa9c4a39a9,0.038596803111164424
ck_a3ce05e9e5e32142,0.028705658624614595
ck_7a7e40ee3f97c035,0.015623732622103322
ck_9e9a830785112a73,0.02231691361726283
ck_ab1bb02f6b189304,0.16548448060492935
ck_7b8cb0f90fbdc8c6,0.008005578076382878
ck_b138fc249e659e60,0.01479666311680558
ck_e73caa3771ec5e0f,0.06098530504835313
ck_18a55b06ccccd88b,0.02424663747635019
ck_fdcb1d9265d8fec1,0.029426146435593988
ck_e21a900556b382ad,0.008506637010703075
ck_c6bf67470f526771,0.038729637338364514
ck_b568ba3837afb39a,0.014795925671539801
ck_a2858979dd5645ef,0.00695545012858171
ck_1da9d40837ebaa57,0.050224735570321914
ck_9341c7959543c542,0.005514072044749222
ck_c8ad86806b9a2369,0.10954840000206635
ck_5c85d93ecfed4b0e,0.010958358690068554
ck_f07b09879d697b82,0.007860557230800891
ck_fe43da07608b1749,0.01988523515398233
ck_4bca22b5926b9c28,0.002726071940377201
ck_aba573aa942b1d41,0.005192030766009985
ck_57c14e32fa4683bf,0.023142639230955782
ck_891530b489ce402b,0.033795990627032584
ck_5e74fdadb93ff293,0.03428551199791335
ck_14436a409ebcc90f,0.008657081162867028
ck_00013fdfa0bd37dd,0.004713074654419674
ck_7dbe24ba01316775,0.034580292843728294
ck_0e3f80c1553c591b,0.014694797503947218
ck_3edc45db58760d76,0.019816670615100423
ck_29076a13f539187a,0.22976171118640543
ck_b1e81b58b9a545ce,0.04719891054914593
ck_3f8571d4f7420b2a,0.15648039799807617
ck_7dff6abe4bd644dd,0.34774181643626584
ck_2884bab237af16b7,0.005170745233366852
ck_231e6dd1fe708000,0.01564619806821872
ck_33ecaa7b892e73df,0.016508675090664837
ck_b109ec4c63503030,0.0037669511917823445
ck_a7f522382509cef1,0.013331074676874959
ck_748b3ea941d8b3b9,0.045627290382283185
ck_29f3a1737a2d9634,0.017195598895365673
ck_cee8d42475a0f020,0.013332647274921144
ck_c6b6ebe145a8ffab,0.011208352130674523
ck_21c99e1d6b881894,0.013998917598802507
ck_5ad798286384484e,0.02988268115956241
ck_b621b6ffcc7f4848,0.016891770387081617
ck_ea819e337233475c,0.061180614766118385
ck_9e3896c2668ce06b,0.02911389163054149
ck_501dcf1ead036d2b,0.1625112326364646
ck_8d5eda29a2cffa3c,0.11415853294126892
ck_4d3aa36ff83f1132,0.07646448760442667
ck_8e9faf94e3e6c757,0.007164495203242029
ck_ce0ec41f96951048,0.009268446033631658
ck_f09165d73ee903b1,0.020590690245040528
ck_a432b1bf1d3b3d5e,0.11738470407931496
ck_ea618f720ff0b4b0,0.03701144119997537
ck_7584e7bd755cb28a,0.01643338344460772
ck_e14681aad43e1a72,0.015010044690717627
ck_5e18870d8e30e379,0.007934615201077399
ck_ff7c26a62bda8089,0.0075328336465997695
ck_cc5a35175d381d5a,0.04004503691941797
ck_3c25029e40aa8a84,0.007634725900684408
ck_771247b5bc16c12a,0.0038926550322942823
ck_664b5e02759f985a,0.0018417549550316826
ck_692a9e8f504b9762,0.0024943319905412647
ck_df8ad2deb0a4ffed,0.026101059309478068
ck_eb48c0bcd12ea654,0.040853122305628924
ck_7c77e597c951cdad,0.021882242748689957
ck_4f75144c6f3b13ad,0.020800111056722352
ck_1bcff399166d7c43,0.017682836415994625
ck_975c2aa3d4a8c51a,0.011831470518453109
ck_bc6f07b06aaa4ce3,0.111004146705961
ck_80b072b7f3c7e8e5,0.019539523386250538
ck_471e4018a23b4e56,0.05396008170731978
ck_53cddfba570b4a3b,0.011018916306559037
ck_630530e50764f229,0.013350255582011592
ck_dcef7887a4f1e435,0.04646458269867981
ck_2795921a055643f6,0.006483784003150317
ck_7456df89f3792235,0.00800696772383208
ck_5014a3b07e1f049f,0.41968374991950913
ck_d4ec44760cbe03f4,0.016584691579920183
ck_96810ad39d4cb7b0,0.028317672639582986
ck_3222ea25aa29bfa6,0.03157236003976894
ck_f6c42001b84a10cb,0.24811241874313944
ck_5ac86682385c86b8,0.03657211625820744
ck_4280c33af57eb4f4,0.030842475463165247
ck_05f79ddd8eefaa56,0.012063620741432383
ck_3a57a13ce032a6fe,0.023870570157865728
ck_a721f0d635fad68a,0.013667717935562256
ck_a3f821bdf408c326,0.0073166281568992405
ck_0ada63008be5685a,0.019410492548606682
ck_8c949bdc6e8720fa,0.1473706054629059
ck_c0d2c56f9c722e99,0.9827043187968417
ck_5d2b9e6e087b8dfc,0.9960498814249473
ck_5217b55593a332ca,0.12048351519174033
ck_7a7bb9be5a7e48ad,0.009021949808220952
ck_24cd0d779e866287,0.016813108192920027
ck_7367917891a63771,0.019803895855281587
ck_4b31a8862a857e6e,0.8881398256766186
ck_81429c4910ca46cd,0.012471935722395605
ck_b35d803568f82d9a,0.007187474815283933
ck_4b00e75c2d2d0522,0.028949846436591185
ck_77fced07f6dff42b,0.019862819869257895
ck_3c9a06eb07c300e4,0.00626898297289613
ck_b3867f7f494db64c,0.0229835733747901
ck_0c45e54897ab34e2,0.03835955693920979
ck_507a6a580ab55c76,0.1400967404511424
ck_291bffc7809f896a,0.034275898047167984
ck_3753cc5b9d02e2fd,0.0029099325850775203
ck_4f63d5245b3ac1dd,0.012614419557748906
ck_9dfb2ae78659240a,0.02269624971876267
ck_90f6f5ced708aa75,0.017151095104176915
ck_8b5b5a6b5539e39b,0.790944200657258
ck_4719112b55d20161,0.04151876547789616
ck_fec888a7108ca52d,0.9698169111777968
ck_4f5d022c99f118b7,0.04260347985029636
ck_e967ff05514b697b,0.09744235144818494
ck_839ce35819bfa4fc,0.0037280070574005827
ck_bdee1221b9addff8,0.005136216429009886
ck_9cde4036d0914427,0.010596346060910426
ck_5ac959cbcc5e98f3,0.010028489696921229
ck_619842688294dabc,0.006283474754089293
ck_7373d7b04c7799bd,0.028779016582056834
ck_c1dd3feb9a0b6471,0.015252534377809605
ck_0324a4812ec319c6,0.013868441499591532
ck_7f3685aa2933b251,0.05537165731364233
ck_06aee5a62a67a84c,0.04531529708203553
ck_3428910b44b9d08f,0.04336730919882031
ck_c3ba7534cefc1de8,0.02035761755190497
ck_1f1273a67cbad5e5,0.11601753142424956
ck_124565a11b2f8bb8,0.011321628033117925
ck_38e46bc861e0165b,0.01749166813677106
ck_c8ad3f01319c065e,0.017942754185693726
ck_3f94a34f5038f7c1,0.12189922505336837
ck_cee56be5a502fbd1,0.10414178933173548
ck_2b90b76cf4d162f9,0.017195598895365673
ck_884b2e463ff1d54f,0.05362260552275727
ck_fab4f2f8531b4827,0.009646084574239997
ck_4fc6256e0e60a926,0.23291392092660487
ck_0a2f8b2f8a5b6f02,0.011824417682165689
ck_9c0deab8a8367c5e,0.005413047636769369
ck_d3a2a4c011fa2554,0.10076936517731011
ck_4108b4038f762817,0.021819071086024926
ck_4df036e2aa7e1056,0.006273234460446714
ck_ec094eb1cbb3efc5,0.005700709316085782
ck_09f8f51bfd2492c6,0.02093658189926167
ck_b60fb9a10d6f4489,0.032639463028393545
ck_3638bc3388dbc1bc,0.11062668656652277
ck_7a58e0cc9943c39a,0.015630193301522783
ck_37dab6a0a536ed49,0.09209024042793565
ck_adc576690df5b33b,0.009487031574399738
ck_1383b2b1875000f2,0.03767523209539178
ck_43c1248db37a2eb0,0.0041222956191450276
ck_29c11bd68858e923,0.009066012674196645
ck_9401f9e11f65337d,0.01307648835872521
ck_ce5ed372b1a2ed6b,0.027129838801960588
ck_08b4619490e751a8,0.6942054369059698
ck_44b9125526acb05d,0.017850717454288532
ck_ef1a1de20d2124cb,0.019882567216561706
ck_e5e2624b7fc89774,0.06487854091737205
ck_f5100511609b92c0,0.0022926597154205317
ck_64f3bb17101b7c42,0.010042893616716958
ck_ea1e5b5128ecba2c,0.021337553275865402
ck_516163fcf04d5e77,0.019361126677512563
ck_7f9a748110d70005,0.06275980311004503
ck_d263b55f0a681cce,0.019209684382964644
ck_0e962eacf98a813e,0.012333551098689593
ck_0406931800e0e2e6,0.03289399118437233
ck_0e9b982afc88a3a9,0.9938591599642711
ck_8bbb625384edebd7,0.020524643754860045
ck_5eaeb87bf6207406,0.972847595066409
ck_cc3318839c4b0745,0.006793547431276494
ck_08a0355d1f1890ef,0.00812093371687847
ck_af7ffd1a822460d3,0.3216465552540597
ck_2a09c7aa870edb6b,0.012470393981037067
ck_bc04f51c23290bcc,0.018800609852746668
ck_d3a8333cb389f4c6,0.013558511788224733
ck_88e3dd3039508332,0.012618519826629869
ck_b8c7771de9b57705,0.05019674187857959
ck_585ababa02383b50,0.006871046793368161
ck_e988c108754cee9c,0.004572229651843803
ck_4a691892d9d6cf89,0.008868286829859047
ck_7cdce37d895eefb8,0.013132767617219447
ck_483fb981a1fb4317,0.007442690011024479
ck_c1e5182bd99e0e35,0.07281934143222546
ck_9a1e3ec9a1839939,0.01762250618212465
ck_5c3f13de0dbd5086,0.043036942279995494
ck_f4f6f0caaab70040,0.03189793964511361
ck_791be3378dd7d64c,0.010076203955495992
ck_956dd784525f5886,0.021298673062778037
ck_098167eaf124c279,0.05107757445158449
ck_33ecff7914349ebc,0.010097655272922754
ck_e05d44e46c7174e6,0.019280840433289172
ck_1b2ce474fa6582b4,0.034431759543080975
ck_ab581082e8f72e3d,0.009612293193166862
ck_e63256667aa19070,0.059044469319703814
ck_f568772b6cb3febe,0.023315879025134236
ck_dd89a282375bbab6,0.06386263923741478
ck_a39d0bca345b492d,0.050763099266822764
ck_d12d2924d0f7a64a,0.004959046697902078
ck_6a548da1728b5823,0.9910763276675737
ck_6d64193681d2a94f,0.023016077162771535
ck_ced6b6dcdc7c201a,0.007672030667163197
ck_d1b0699d26282871,0.02228884474176115
ck_58f757e40a9b8877,0.08492274311032262
ck_3272c2c4a37d5220,0.15033553191641882
ck_d94dfde9e03c9d1a,0.024772870362049594
ck_08a6d4903a7fbaca,0.013206074019822482
ck_6c72a36b05fa0f4c,0.05617187665007112
ck_dbb4bd4eda97255d,0.012487115879942851
ck_94b59bbc824b307a,0.013527845519031833
ck_0229a07185f15469,0.009779217726062096
ck_11bf1039f8b3025b,0.03734705400324373
ck_36789ca11459131e,0.013408072072608027
ck_8572c5f5c1447c62,0.04695429014803874
ck_9e75c6641939f4fc,0.09827757907972937
ck_b45e47c39d4dc7bf,0.017108414396249876
ck_02903c48b6cfd65d,0.02533685922930512
ck_b153386f1729de81,0.01647087823869103
ck_36979996f33498f7,0.3970078428611463
ck_3c02d4dbbf6716b6,0.011534065021475491
ck_66c9a19963957531,0.05585841426582436
ck_bae8dae7cfd8baba,0.011079146600181451
ck_bba0ccc6cd968680,0.0853667244478513
ck_3267fe3aac05c71e,0.03509186354709443
ck_40052cac10562cde,0.02948292377681847
ck_d973444855403e2a,0.010001564994278078
ck_012519bb095ad36b,0.9918253092582493
ck_ad7c256ea10c4a00,0.13339126581449293
ck_70a60e095e9b706f,0.009875324099207218
ck_f2734417c0db4ee3,0.007860914878473721
ck_9cb89cc3178e0172,0.019712817973775113
ck_779cc0f2de4d5488,0.12387513957184816
ck_35f8656bf93e3b3d,0.01149462730257762
ck_bdd8eba728800e29,0.03746647521089272
ck_002cf760d173f0f8,0.00938120537908792
ck_b046067c6ca3831e,0.03787374862605453
ck_a4a42d4bff8af645,0.020283659751019593
ck_bce253d2396681a1,0.04138022199770196
ck_00dafc060c8de32a,0.006367100743251922
ck_968a99e097ee78c9,0.049117637476822074
ck_66949171b387bb93,0.01991568156986124
ck_ad305286702b1958,0.009815286398146578
ck_4732da7e0d2dfc7c,0.010323636177227669
ck_17a95bba77217d85,0.025403355790505882
ck_3e2516a3e35067e0,0.016206503084155034
ck_0b615ed566da1f58,0.028592502198826683
ck_d2b3ce1ebabe9f93,0.02492991118411835
ck_a892252e4e0c2828,0.019107381345529337
ck_cf606fd6ebfdf9bc,0.054674861197695636
ck_718865237134ebe8,0.05327298285961178
ck_878522cb775b904c,0.09286471945898891
ck_9ed53de6ef779ae0,0.018278620058062005
ck_3f16e2cd7e6874cc,0.04725549223814572
ck_3c59df37895ead2d,0.012471935722395605
ck_6821459b626d492c,0.015967485973465985
ck_11c7667920541587,0.007689710310445238
ck_23a016cf6b98d89c,0.025403355790505882
ck_7137eeb394d200f1,0.030650790868540834
ck_9c4886c5c90ddbdc,0.051234245220678924
ck_1422a7bf7756294d,0.9854007042408066
ck_7ebc5fa7f0d3b8f2,0.015096227369902973
ck_fcc2059a8d5c41fa,0.19652148962113963
ck_00ff7389d6a83e29,0.0778037143193676
ck_03129b41457795d2,0.06293571082311404
ck_38ba64efa7c38250,0.012751672735369961
ck_57a6b56b09bff24e,0.015381400325886481
ck_e3b3c5a80a567418,0.016370099092610026
ck_fc40a16adfced018,0.006109508249270497
ck_9d4b5e6b43bad4d8,0.014951670170063725
ck_61129937ee466b49,0.030790922351093025
ck_74112e47b8629c2a,0.06693283091332325
ck_b4703ee97f94d7fb,0.009482512445404184
ck_e560f720a988d8a2,0.07302828027443589
ck_708fea345f68037e,0.0052335438294245805
ck_25394c1b83e0b803,0.1420268109683431
ck_17ab24fe914ae44b,0.006532878528834965
ck_16c501470d9bb006,0.014302184543139654
ck_628f449e248c19b7,0.0170612677477362
ck_6d64190623dea714,0.003173044746063527
ck_504a45ee08db72b6,0.013226807998315588
ck_6cbb011e0c70bc7c,0.002781436431646811
ck_b3225a98acd04f83,0.007109457863131488
ck_aa37993f1c17cd1e,0.04937275990336327
ck_558cfe5f77a55a9d,0.020400998252949307
ck_0d0a1a021efea5b6,0.02574388052053762
ck_daf7aea023b7a8f6,0.04965424180526843
ck_d75f25184ece2b51,0.011872156370714683
ck_466d4b5366c50b98,0.02196607812420175
ck_88f27ab479063852,0.053127465221338925
ck_66779098e78c1760,0.07722878552486778
ck_b150fe4efb449b05,0.025265795434784202
ck_9c3aa9f23d01fa1c,0.026840088931744995
ck_6a01c375fc26705a,0.027227147887648892
ck_002eb6552b504ea1,0.2576040074232804
ck_affa5aa0bff9bb0c,0.0417994851264305
ck_027614eeba8b1a4b,0.01018927648227785
ck_67e075c982add719,0.00807456392215968
ck_399b0d510be98bd2,0.012103626868052055
ck_e9b0bca7368555ef,0.029403473929304955
ck_59c29d9c57b4f994,0.11793760315992087
ck_37176850ed68831e,0.011665489863829917
ck_a0db4ccca08030c3,0.08968994488645864
ck_aa188e5c25f7f42a,0.012453278203478196
ck_7de6997178207800,0.009306858311891143
ck_c729d19053387be9,0.10867087594965949
ck_f2d3e3d90608596d,0.19689721666331947
ck_2db3fb565e0211ee,0.004801340212688328
ck_bed8a480e27e911e,0.012573394508846846
ck_d7ad9921a4d25926,0.029720866515964985
ck_2a59f23fc5194699,0.08579633693820461
ck_63601a58a6120d8a,0.007067379287114337
ck_efd7b9e22c6317d6,0.010282838273867294
ck_9ab42875a0f95b43,0.03616133674771492
ck_85cb5033fca7c846,0.029811721329876105
ck_5249b223000915ec,0.030100105989511728
ck_3efb0e9bf25612c7,0.01226061124073024
ck_678e74532ac19700,0.016015537268498272
ck_a980b296c95153f9,0.00832951254288765
ck_01ac687ce0d696a7,0.0046321069333465905
ck_52e1418cf1aa9871,0.010251814207343736
ck_7d28da4f1dab09ee,0.05701542688344229
ck_010d0c2e6c1657fd,0.04957217006814726
ck_b524f7a2e752b9d0,0.003994906252754919
ck_cc447fcc24a0772b,0.038936322023464344
ck_2cb3c99845e572da,0.005480560597964395
ck_604c710141327a81,0.0028772219086206446
ck_8d5fa65717d2e0c6,0.02188498371972498
ck_31199510b40602a1,0.006564354779553541
ck_49e253ea12f4e922,0.06745043694640583
ck_780738e0d71e7e43,0.02983800025788459
ck_2cd21137a07fdd7d,0.003000847412350992
ck_5e021f2a3b66e256,0.05490927438142663
ck_efbc79246e32c66a,0.16168271640827747
ck_9951bd806c13c7fd,0.05624795495206828
ck_7a52674e2806d8f5,0.027009586830936388
ck_1a319e509f1efa1a,0.008291928985823097
ck_c920901b9a4ba993,0.37202650783803554
ck_b71279e807d0b3a7,0.010074131620103288
ck_47e1032f490bb018,0.015860975752046976
ck_192579ecdca7ff83,0.014073899031609166
ck_b1496c474c4a3239,0.00751952083906401
ck_5e68ea2c5e893cf0,0.02549766806744849
ck_f2ecab85d4693b4e,0.29350679658020723
ck_89d7bfc81c3df597,0.005876411597721146
ck_7929284327667791,0.18927841957040392
ck_494ec63c5ce8e150,0.004398525719957376
ck_319b059bb2145586,0.029377763608471254
ck_ccb3767c239018c1,0.029864025903024245
ck_a1c7adfe26e09a8c,0.04216244880110839
ck_0e13c4f73818149b,0.019933396689303138
ck_c285a51ed6214f52,0.022103932574348804
ck_916784595f028226,0.10225866294415199
ck_6cd8e0196365c474,0.13852505522294717
ck_57b657aba4daffde,0.017963803069180214
ck_562c76a3753fc7da,0.8556873503198036
ck_66cfc1ebc9a513c8,0.005320526092461434
ck_0f38d4aed68d7d24,0.00827061858123226
ck_d8ddf5e99f7859e4,0.01813720553744427
ck_41bc3efa0fca700e,0.023897539635533843
ck_40799e129fcf42c5,0.12711760479137266
ck_786f079389126e44,0.03394025358835777
ck_bb4c6b713eb0b978,0.07190195126275364
ck_4f01f7eac0efaba5,0.012987839116614976
ck_47d29c01b20cf69f,0.009403343243009711
ck_bf15a1f8d67a30d3,0.016280284795335016
ck_bfecad7586f65e4d,0.04688435059056996
ck_fc9f16df35190eb4,0.36953278336597173
ck_c09c914e416edd08,0.15838616375637835
ck_c54c5d8e4433b0f2,0.006567457499535278
ck_1694c28f44480e98,0.053256343222480795
ck_1dcaa3078dbb7571,0.022328504509475686
ck_af559f990c640e41,0.010544365599024262
ck_9b436162039a77d0,0.03682557521088924
ck_79d62ef181bd0cd8,0.03480565260364674
ck_23caafc2cd34242c,0.008914609903449064
ck_ffe2aa26f597e552,0.015190683155479699
ck_e6ffd0754ac08661,0.016935616432965303
ck_beaacb4a783db21f,0.01260527137134445
ck_9863bff41d24ce9b,0.0048096217184959164
ck_323b9cc5c49f8ea0,0.027904660772866963
ck_ab3de3d3e41c2082,0.055468189614897544
ck_35c93b2924900376,0.004673960441654579
ck_5a9d5f9901e37e31,0.05862544726072595
ck_782b0be796164335,0.017252207565926114
ck_11960b5f1c7a5e2c,0.006891744902182765
ck_9a66cb13a9884cc2,0.020658133089640908
ck_ba666a425930615a,0.006787595013998075
ck_40140bef4db73741,0.0021220591373258403
ck_e05e91cc180063d4,0.07798140276296599
ck_c7f6f45710bc050f,0.03136935562604302
ck_055fb9f2e1c8c934,0.03885595657854358
ck_58bb02d98e2b9cd5,0.014163573004396447
ck_d9f8efa6a7800f76,0.14634415743152118
ck_69691226c68fd50b,0.4526535321157024
ck_6f2f0396e5b1c538,0.9854415735125475
ck_78bc3f1d0f35ea6c,0.015177011956917544
ck_2d5a6b6636a2596b,0.03560225442710133
ck_7878545739af0a73,0.0022974014814950397
ck_03c4fa4f3ed3512e,0.01179088555384749
ck_1a9e51d092d62c84,0.33594755264059656
ck_9f3861940d8d873c,0.017038102723544092
ck_4684fdd61c6a0fac,0.008957037423096158
ck_715966f86d5c913d,0.01497811656162951
ck_77f293d44b4a3d2e,0.06351550084166521
ck_24dae044dc05f849,0.037187370766613256
ck_00b9818e2064405e,0.10133553455279858
ck_c1c2cb49c3c1b0f5,0.4558212704084567
ck_bed50fc64fbbf8ec,0.007921230148542775
ck_4f6ed5ea5ab7c429,0.04312521044765493
ck_458531c22ec2f9b3,0.013987844367554484
ck_51c50c4c443df31a,0.13864049365223133
ck_732d45bd578dc39d,0.009173627053767225
ck_783fe5bc20cd02db,0.039300173223529154
ck_7f188aaa63d1d442,0.028890263796856854
ck_ef307a6aee38d1fe,0.41212216653276196
ck_e37196b20968b73c,0.0172366312722105
ck_4ef9de711c3d93b1,0.04546765292754099
ck_17946516d5df71d7,0.07559053252203979
ck_3534be0f4efd313c,0.04318074957708668
ck_29fbabf855cabdff,0.01097659984461837
ck_191673540d8486af,0.02018301109268398
ck_5f52728d777ff2c5,0.020885470290133542
ck_a045a19369016818,0.9967156758619147
ck_4eadbe7298b15e96,0.017515938277718857
ck_a3a0bd59729fe619,0.02404848845637237
ck_a1e77090b1c6ccf4,0.12289282557690576
ck_69ab9d4784eb77bd,0.05526722967816447
ck_baa47383ffd50f04,0.009690538939200606
ck_e35b2ed08b9e55a7,0.02384286787669083
ck_b6e3af0a5119d9a0,0.0734927731459097
ck_a7c1dabf3869772f,0.0268288506927601
ck_80b8fca67a14e0be,0.12011009540071306
ck_dd9c5f0c42878e67,0.009645419807265436
ck_41ef7967faf5ce82,0.012144517360815765
ck_a93560aa348d6225,0.05349355980945572
ck_ffe91d6f0bd93fc6,0.045939290968418124
ck_fbf630c960194033,0.48922499151361515
ck_497ed60723283c0b,0.1597480815842983
ck_2a46b7ca55239413,0.00951775588528618
ck_1a4e5ace078dd782,0.05146450529910745
ck_616cc31910f5de50,0.007391498085375419
ck_0d65bc749eb42710,0.03172684288978704
ck_2408db62e4395ccd,0.019986519570036144
ck_5d7721930106dce8,0.007677916041822103
ck_e8a6acea22b20312,0.08816475658998361
ck_e2f792fae128b18e,0.12721332924629383
ck_e6d3ce445b86003f,0.016634784741019367
ck_263334d722ecbc97,0.14209944853246476
ck_8c5b29f6666d4874,0.02517354227351246
ck_7ea0bf310fc20c7b,0.07830694184597341
ck_54d463f7fd89ec3d,0.021880915734988397
ck_79e45040dbdd6447,0.03784840501084882
ck_60b4d59953505682,0.42818413272817657
ck_fb00dd5021642507,0.0131310591921961
ck_f409ff994a210601,0.03497994263137672
ck_2ca0020038bfec58,0.28436835422736934
ck_adf84b9df54c3d80,0.02725494771617307
ck_942dbf632591b65d,0.0247713045311733
ck_454a7e4d859a3409,0.012382377834173468
ck_2139062d4569aa07,0.06021934836268842
ck_e949a0f4df0b3902,0.02801625427000622
ck_bb113e3e6716ed65,0.011677737341665278
ck_6a28ea6ce69cb869,0.06626980171604364
ck_7df9910af2bba21b,0.007578660677249858
ck_78aa4b731cbfe251,0.0035770920609933554
ck_5839f5cbd8165b1e,0.012021157658085741
ck_7158ad9e58769ffa,0.11081753782205316
ck_acee218cbe61df69,0.029796809598059464
ck_f8dc8473c2772729,0.38067437543545024
ck_f34c93a8173555b1,0.12681302297700145
ck_7cf301d075e4e709,0.026005051677711683
ck_b87e88ee5512ea17,0.0053848249293681665
ck_bed0c020b10afa3b,0.0057146890661327835
ck_ca10102961f99eb4,0.001860314124782072
ck_393287947b5c8d79,0.01659781204851621
ck_2fe6cac002142f67,0.027695601363237482
ck_79c7f0d29b1db1cd,0.00952915883546876
ck_c735b643d3cbf67b,0.004854462572195223
ck_ea4332c8fe48e2a3,0.00459417976128654
ck_d39864119cdd460f,0.011821992105865745
ck_3b963d6be2773861,0.05135871984824001
ck_df39e3b8a9fd0bfd,0.10339803670362765
ck_6236a461dc0d11a3,0.014224105967927406
ck_475ebccca25e30d1,0.013732553366803842
ck_c10c8bcf5bcd516e,0.06747330867111634
ck_49ccc3716a564256,0.004370777908238968
ck_4e4f99102f6938cf,0.005775135754476693
ck_a97b481ade6f7972,0.052774002513614755
ck_3fa559c679751b3a,0.03038233073699664
ck_3eba1fd2c7acc4c0,0.049240942160689846
ck_18c179b4afc4fccc,0.005728344481389236
ck_cc1c0b93d05b7d20,0.06337734953308939
ck_742f7c28ddd019e8,0.01900529477046554
ck_04470bc93b8a0d71,0.012729488538135568
ck_6e8f8ef7a03cc6bf,0.037465945957290483
ck_eb1ddfc353b4da83,0.02255870594233965
ck_98831b57c7ca2e4f,0.008243216276905755
ck_a6c7b8d6e8596d4f,0.03162107391861499
ck_cd7d24e3b095e96e,0.14240360416937742
ck_3f5ae4673a9f858e,0.07451314356055212
ck_05f375fc8ae0afb0,0.007335645451239788
ck_1fc98436281ee39e,0.006555477829568237
ck_6c48c58678f64bae,0.009601818942907956
ck_8c95aeec6a4c75b0,0.008164534816189657
ck_364cde38958b7af3,0.06005298945985293
ck_85bf21aa1a00452f,0.0023881474047986475
ck_796d3eaabc667c23,0.9916989755875036
ck_ac449ee0c315edde,0.011465426186763779
ck_6f9fd15ac6b163de,0.010132659445576194
ck_4087065be2a45ad7,0.14196457423756786
ck_ecf006bbc78ee3eb,0.17169354318991606
ck_8ca808cc5a49cb5c,0.02277611043124989
ck_94b90ab8b2dfb50f,0.019589133401039172
ck_59fd11b3232de9dc,0.7333357463280086
ck_67f3794d93e2dd67,0.27311441528969727
ck_b7f5acf5df1bb13e,0.017195598895365673
ck_fb04ecbaebb774bd,0.003954549365098517
ck_68ef3e7301c621b7,0.045336356144161885
ck_41406cfa209b6bda,0.011021545760088838
ck_b0f8f5408662337b,0.0029760797492874177
ck_0d2901bfe585c391,0.07807545792339435
ck_3398551e81dbf3db,0.030885079804310576
ck_61c3e3e277629646,0.00847166854063233
ck_2825e34dd3e7ea2a,0.005357187421274627
ck_20d7571ba830009d,0.06796770437400843
ck_c98b16f9a72a6568,0.005988746496238318
ck_e7c8a9e4641eb9ed,0.004782441985013006
ck_254a7c97c36dab8d,0.016007639942010224
ck_e98429675b46272b,0.008882942395657366
ck_c2fc0ac460786d02,0.045433523521584876
ck_fba15647b3a140d9,0.009306865401354274
ck_15ce50f2704227be,0.013554139176985428
ck_8c748aaa4a4554f9,0.03746788407333509
ck_e00e82a9419ff086,0.039552046600916956
ck_832341c98254bd84,0.05246804076150778
ck_27466468d06db4eb,0.042503240881367976
ck_9d7b9e3ff1f3e71e,0.009473579394205442
ck_42c6973d3a6fe983,0.03454027973786014
ck_877c85bad118bc62,0.04046437476345096
ck_75d2a2715259c4d7,0.02978822216567221
ck_37d3e5c681a2214d,0.39644453224410187
ck_bf285dd49f372de4,0.014332375693503423
ck_a5bdd026fa9c50fd,0.014103770208756776
ck_88d9244a9cf7a77e,0.4433764073978516
ck_5881b174e49b04ee,0.049193587824821444
ck_5b16d67c5ea89930,0.013532713721357625
ck_b75b936aafac56b9,0.010633683784895683
ck_aed2681e1646a0df,0.028490841966786574
ck_f63cb5e8cc702bad,0.006213626244393887
ck_1805fcfc4a9e4ffa,0.6950358011987559
ck_25c355da356c730d,0.07145593908986189
ck_70396398e4a96449,0.010702333932701336
ck_0f743bd13373748e,0.017195598895365673
ck_4b387765f0e916cd,0.006625357373945443
ck_e971faae8a10a260,0.012363940739754284
ck_9eb08369e983abfa,0.0019107360522905871
ck_c30c5844512e429f,0.03969533850072846
ck_59e77e3a81f1fa0d,0.032245026779752065
ck_ca4465f2b5c1a52e,0.9819189524312125
ck_c89b9ca398402f1e,0.009649660991294037
ck_36e72ef9273e7a95,0.014159750673088847
ck_2bdd8616870e5e1c,0.009689887473232198
ck_216e87a41de22b5d,0.10490986185871612
ck_60f4fb44f5efe3a0,0.06200950675738008
ck_05652e8ace6ce6cb,0.005697528712151631
ck_8c136dc691e65695,0.0018604368481585924
ck_a08f8dfadbdca112,0.013591398798066041
ck_bda4041a3e90d860,0.006011054990137026
ck_15dd3ecaa8ce0245,0.5731842274715976
ck_3e3c64b3b7876ce6,0.030836996753091418
ck_46225858a38b2e57,0.00800320072498864
ck_0cb9f54928f4feee,0.025784712302115834
ck_152671fbf8a9a78e,0.03786482350204688
ck_ee7a515e87d17d4e,0.03317093240713863
ck_f7276091bf513d22,0.007052072203539548
ck_4f05daf1cf0d5755,0.0067021022808896324
ck_83a69c4a5d55ef19,0.030593449199028035
ck_c50fed2a7c9198c0,0.006859930100119392
ck_70d19d5650ddc8f5,0.008897344716899831
ck_4b4d99e443618904,0.016174336239167964
ck_dca0b6ca93311ca2,0.08477173449680724
ck_b7431d4706461ec6,0.006798116785446651
ck_7b59d22cadef3b05,0.3510002620324068
ck_53428573abcd606f,0.026979206129733646
ck_f538ab6aecf2adfd,0.002957326506527496
ck_d321249fb065d2fa,0.053481281225770366
ck_72fdfc7e6d8e1436,0.03455215264290807
ck_b52b99dad89ecdfb,0.027216508195681006
ck_d2d4282f9d256b3e,0.0378247337014073
ck_c8f2a1dd8a6141a4,0.012467404260386544
ck_8d38747058d0aeea,0.25484103834539773
ck_3ac528caac74f563,0.004561702388486561
ck_8dbaaa00ad829ca9,0.00948255514298633
ck_7c38ec898f0fc21d,0.12923006339272605
ck_8171ef803f5ff604,0.021257942689738796
ck_01a750db6fc1168a,0.033717669847690625
ck_ceb017baa26e98c8,0.03542724592344501
ck_e2c66c72cc0b0f78,0.057216400124520464
ck_8d9518f64b222416,0.10652702270543303
ck_804c5a1fa5753617,0.3600573011645736
ck_fca7cc9c42695453,0.05060031413316033
ck_3a632cdf2c19051b,0.03753056414390927
ck_b2b63ea65edf1dde,0.044744493744169014
ck_27b07021500ee841,0.04702717666175069
ck_9724718fe64c6557,0.945164249025288
ck_2786cbc3e75ec034,0.022194420332548655
ck_d9c2622cb6df380b,0.009968764308142586
ck_ae1da8ee98e402a4,0.009393843901187054
ck_62967b91504149f9,0.07785103083538682
ck_6b255bf68709109a,0.11350727467866223
ck_c55afc68421d85e2,0.006170634566693242
ck_7c7266f6ef2a8466,0.01715250741770375
ck_885cf685a9541190,0.7229076545801361
ck_1a4bb7d3d2ee3227,0.005402333940103024
ck_b4911c42f3bff740,0.009054843182547092
ck_66f9f78d4c6a3edb,0.04251354121028044
ck_49bdba9ee1899dfe,0.020182750410344587
ck_79b235d51718435d,0.02132301541828565
ck_d840db8cfe2ef6f1,0.002346645910681705
ck_610c7bcc1cd7ecb0,0.011075431859531849
ck_cf49b6544aff6c50,0.37448725283815126
ck_de05f97c3d40dd1b,0.016828757478337963
ck_0302f67d75973dce,0.027542614759357018
ck_54c2604c9ca6256b,0.0228669689781986
ck_a1c88c0568f142d0,0.03229394020416393
ck_5d72ff6cc2963d1a,0.022730691607685097
ck_0446920a1004c596,0.01720380773532937
ck_71044c29ef071570,0.003833952307213237
ck_2122e9bb1afffef7,0.021150836210919437
ck_d1e3de178601d3c2,0.0879225472536138
ck_bec8324a3587ef04,0.026031012158784138
ck_b616b6f45225f319,0.030143971386553028
ck_ce1e695884511479,0.008257169023747029
ck_a662b4bf900781e4,0.006128751898706802
ck_b5a84c5547378c10,0.021865006688633743
ck_f80af368cfc6cb7e,0.07264742226438708
ck_da3526ab6c5c884a,0.09595415957042149
ck_bd20be9a3392d79b,0.005260255145213385
ck_b8266dcd90cbfa62,0.012471935722395605
ck_ac84b33304362c06,0.012598774581148792
ck_794d8935a895e33f,0.025571651283768513
ck_8fea7d915259f1be,0.09893014993651036
ck_7a1519ad5ff45312,0.003957997739375696
ck_9bf3ce30b65f75c7,0.060328039117800776
ck_5f864d72d1eead99,0.050223393838347584
ck_3c48e0cfc2a58041,0.30143215062453343
ck_d902183f80cc81fa,0.11419961328537485
ck_539cb0d117db8cd3,0.298548041311282
ck_28f530aec8e77130,0.03773230107276453
ck_e7d903c50d353361,0.005099391180083362
ck_d288b77d1e227970,0.01938578683556325
ck_017208fcc01b5d40,0.01108446531612889
ck_7e3923d278a5106e,0.018467855610672212
ck_9700a00ff9e66216,0.01448872263724912
ck_5c36c78b7a4d138c,0.024698127820696646
ck_c457e9c9224b773d,0.007726829724255779
ck_1dfa91405d7e66bc,0.010152163554076816
ck_f1d8a2695a575e56,0.011468033121947132
ck_3b92a46daf8d00d2,0.022673517081184216
ck_aab23b5470469649,0.01937169377174751
ck_ecdd01a391610d99,0.039280199791072834
ck_abd3aa292f8edb4d,0.025428999094129687
ck_7fc9a0776e1339e3,0.0029089602203130564
ck_c0389ebeb0e65cb8,0.0011823181459723858
ck_48d0fc4f6a2109fa,0.9716759006918989
ck_571dee4f3336c7ce,0.016297833827529837
ck_4cedf26628c84f26,0.03251560930168552
ck_63356762d24aab81,0.018781823931871094
ck_2c5bc11bb7ae5d2c,0.6879381031680416
ck_6d26a152f900fee8,0.009570326405349036
ck_c972b0e781efed3b,0.0124613856338569
ck_fa0ecbcf9a33d6ce,0.03506674702146921
ck_fa3a766e49dc77ae,0.013070303053420575
ck_7baf1e55db0dc558,0.007331666097994107
ck_e8bc49e6494c1f37,0.022866694589983975
ck_8ef1d05cc1e53e7e,0.0191438551497608
ck_cef2a485a77e0723,0.015931751439078393
ck_228a583f23abff48,0.014671246132799874
ck_ac32c6e374782b27,0.04299207691038275
ck_b9485218cef413f0,0.0879916934654125
ck_7f15503048915d6f,0.004200967386571526
ck_b62f5144db15ad34,0.007823325183177254
ck_917d82c552f95a23,0.019870597732054615
ck_fb4797045077bc6d,0.02547341261525458
ck_2cf8a44e041217de,0.10951221763664755
ck_b7dd681eb3d2ee38,0.012480907923813723
ck_e9e8cacd2fa35e79,0.029575972525180808
ck_342a79f91de5d1fa,0.018136836662475925
ck_2c91f62c05685ed7,0.014200559997550167
ck_e30cb64302939f38,0.03797785047385979
ck_d0e95b90ba86da10,0.00939570716148562
ck_1774faf414a5d49d,0.6640677202758083
ck_2401e8ff89e574fd,0.15390811477372598
ck_0cd8802264e0a1ef,0.02797432353017137
ck_da84a0dfe947fd3c,0.02513439972797989
ck_c8affb27ba7fb5db,0.04103377860109327
ck_bc7ece8787ca7200,0.010909830836893302
ck_469a0578d05990c2,0.008358704158176893
ck_eef67f8dea702338,0.04185611259828744
ck_4f490e379e9ded9a,0.006304335610360292
ck_354379de065a8ff8,0.001922506123376258
ck_5db1cb368bc41ac3,0.0196235048820124
ck_9b1c3742dd6fcb8b,0.018837327536938387
ck_63ce4f44c92d7143,0.02586180015116611
ck_e15e3390f5ed45f3,0.009988370391932665
ck_da645ea91d66aa6f,0.2814890868036298
ck_834ca727df855f07,0.02704444182051524
ck_e1d5ad20c737c745,0.02744930263408137
ck_ff8059ae5fa5f1ee,0.005790869879840877
ck_8bb9e75393954a1f,0.01066847694517801
ck_4e1757d1347ab387,0.973751908591032
ck_af3f74b1d75a5d95,0.015434523794209181
ck_6b1ab0742ff04c3e,0.01039115754339293
ck_f56073911c9f1ab7,0.021958412749784797
ck_51bd5f69b4fe0b92,0.5803463839711428
ck_fc3d95030b81f416,0.0024465328237221772
ck_cf78169633a1600f,0.0083817928337794
ck_ad7269eaa65c67f9,0.007898312216632654
ck_cc6d33890d47a6cf,0.03027996101753243
ck_bc8f31f4a2ffa1ae,0.002959160628804337
ck_720776a46e56dfa8,0.010170128715559645
ck_e2d1f212f259539b,0.012433727750636198
ck_eaf6f7082c3db2bf,0.02927468750925765
ck_773efe58c6278c3c,0.04661912858379717
ck_c4a72c09f2fdacc4,0.014076297864459351
ck_8982888dd6611143,0.007239936447121569
ck_9d5049e195eda029,0.03644289873210111
ck_de58ef6f9fe2b546,0.013372069287713576
ck_c0b50c11e4f5adf7,0.020899980336721722
ck_ddaf228487858bb8,0.0504199548540329
ck_eb2323215ff70362,0.035129547792786216
ck_168c96a1a636ea15,0.011285704762243427
ck_9c46711b14d9eebc,0.06430318274274127
ck_de8af660806b97b5,0.010305122662886674
ck_6ab83f45bf16eaa6,0.034780661815428854
ck_bf2228a052815840,0.032192018516918504
ck_3f943f20a9da9bff,0.01867694384980729
ck_3baae40454c00938,0.009824326753948969
ck_bc2e771a1d8d2dee,0.01696256849925886
ck_e55f5ca37f30ce8c,0.011192149424849559
ck_4ad5937bef176d89,0.02511589756803192
ck_126531a9126c17c4,0.011396839037639694
ck_7ec423cb56257516,0.03264460140218763
ck_54748ae0f2daaf10,0.014398493436926002
ck_ff24776280ceeeed,0.055727383134211605
ck_3c3a1a1365741bba,0.027658688200417555
ck_615277c8a4e2b18b,0.005749871562334753
ck_a96aaef34173aee6,0.05426144174120061
ck_bea56db7f3e930e8,0.013726064568773998
ck_ca491debd3b32a59,0.028056331829375045
ck_d9ea77f4114a389c,0.037543542610394685
ck_322ffda3332d08a2,0.026941870255622537
ck_c40ffefe4e30b001,0.030501321000529255
ck_3b1d7648d4580bef,0.021303579262875783
ck_23981a3261674131,0.008977242873021651
ck_11667f5b9fac7bc7,0.005005882503368662
ck_646bb3c7be5f0817,0.1059935175188331
ck_ebd0a45712dcf07a,0.05479220986529106
ck_baf43bf1bd963f9f,0.03715366268821323
ck_e0ca2c819658f6b6,0.9979189387072788
ck_f0d6633d0834fff5,0.016205082652691508
ck_91081be0254878a5,0.04874379068799232
ck_1325000bc7f35b5e,0.02234148346860256
ck_c624b9063400fa3a,0.17471126063297862
ck_0ad6fa0e23c3bd0a,0.11762561751751033
ck_6ddb55b1f23c6cb1,0.021243499183297026
ck_dce1fb3acd65562f,0.0030906994963581544
ck_a9aa389688ee5aea,0.009609480730704164
ck_5c5284c45d9ad8bf,0.06005663257737411
ck_9ce743dd3e92549c,0.02218813348445147
ck_8342e08cc2f9bcb7,0.008765362257268481
ck_25e551a0a8d2fcc2,0.06598204913424278
ck_d4fd0e438c97e0c7,0.04003391477903899
ck_ac7fe1c344190c50,0.018584154484624475
ck_ddd65711b5651f89,0.011424431387491111
ck_ec7406cb5cbc8f10,0.016049802345931733
ck_1c65e8d5be3b9c60,0.2723112715677256
ck_38ee42f15a573e81,0.008601209521601944
ck_0e5385c70c6de025,0.06050570585189172
ck_d3137f0f7629040b,0.004495714678535072
ck_9129c92c12e0c8b4,0.014097193733962949
ck_c86520a00e50a926,0.015310240960666603
ck_87f82b2b5fee757a,0.04268976108710148
ck_643abfbd7548d0c9,0.012011603051332599
ck_be51f4e5e6b85768,0.19577614021127737
ck_132c16312f37810f,0.01933938325123892
ck_c78c096ca8cb33ac,0.008956377783096693
ck_2ce5afbc014763b8,0.019498850269580207
ck_50ed8f4e7ae6710f,0.016061806437383884
ck_5a4eb535c9a11993,0.025002170285805567
ck_9b665ef46d785324,0.012535884146045834
ck_e066f71f8b296b7a,0.026563506021617507
ck_560bc6017870ab06,0.0036039321752749493
ck_fd78f8a8663646d7,0.004443328921979675
ck_4af5ec61ddbde1a4,0.017195598895365673
ck_c2ed04a9d218410b,0.004681373760292819
ck_2455d43bbdd2bb69,0.006574417585794797
ck_56eed7041add49a1,0.347290182304459
ck_5f0be7b468a72333,0.01088560600099755
ck_19660cec756632ca,0.0910073954480978
ck_fb90408f4892a21f,0.015149876508888277
ck_833a65b86a5d9bda,0.01723540906732936
ck_2ac36e1dff211d38,0.026605091873396745
ck_c00e70606904539a,0.0021342886362257004
ck_ba8affe4b9505a95,0.6490670922577529
ck_0c3dd22587b08018,0.00901282045189704
ck_618c4e5cfae99dcd,0.017483737144785648
ck_c9690baddfc4177e,0.014569381428458436
ck_59fae092fb0c4aa3,0.021605458118656842
ck_e03b7d0fa0b28f4b,0.02563204663528838
ck_d451d24c780b5884,0.010052252283404539
ck_e980d325b8dbb8dd,0.0038801832052520542
ck_cff18e2d8c520272,0.01935663449307461
ck_a0e46b67e986ab56,0.013276588117510224
ck_3a469039a5b9d963,0.017327415104194662
ck_12cbb211ebd2b437,0.02163900418234856
ck_b8cdd6d6dccc4554,0.007046251631770387
ck_794ba5921cef50c9,0.027275151027692814
ck_2c7667f64edec2b5,0.006369492420113751
ck_7262b4e0c29c942d,0.0064267444893448
ck_5d818522cbfe2a54,0.06807903206716345
ck_de39c1947fb675ee,0.032224773071230846
ck_c021495606b4735e,0.006888969262850371
ck_1fc03ba33edd9e67,0.025662871772829044
ck_a6fe344bbf67f14b,0.004280841812461754
ck_963762210edc5694,0.044317454542410734
ck_d064428b7e7dc409,0.026741902105584976
ck_59be61b53d971611,0.012042346996092952
ck_ec8738ec663cd2eb,0.02983111097368878
ck_59d086fab5998646,0.013181555064780649
ck_bd32dd3b2cbb7888,0.9874248472043708
ck_ce0166addb93bbad,0.014406407401360977
ck_7c0fdfbb447cdc04,0.056285016415903714
ck_cb1bd7635968ed8c,0.2891576792285769
ck_66f94903177f20eb,0.014982175990689652
ck_1d7cd5dcbcdafd7b,0.06666073928675627
ck_5e418a7c04437b4a,0.01322189349422835
ck_631ea1ae91ab333e,0.049868757611176144
ck_0a8029e79a5ae7ce,0.04167064563962606
ck_c4cca8278bdad9b9,0.0021937340144402785
ck_4dec3df58077a257,0.052699543014316716
ck_609c249edd88c565,0.011778179766198516
ck_02e5f9cbbbf2f078,0.14192419892487965
ck_32e486859130458f,0.9462002474258273
ck_21ed2ea6386c5a07,0.025090944768701634
ck_1242aa4496576a99,0.10294963069374434
ck_475ea9aa6d3898b7,0.0935417968792624
ck_fe1b1adae3be70a6,0.06903443063108575
ck_c5414d7a8031d4f5,0.06711440714117485
ck_ca1f6f01868e978f,0.023809149895871167
ck_5eff0208c74ec714,0.018412224000191393
ck_a315c9619a317609,0.047430814301819176
ck_2b87683c90acb852,0.013591844711419058
ck_7cd9f39c50748ed0,0.017942754185693726
ck_16a06d58d71935bc,0.4226713505052294
ck_d116e0e7c19b878e,0.046503822399486375
ck_931510e384b1d0cb,0.0021278251560319914
ck_e7651fb87bb24132,0.017261546958179764
ck_88ef9f85948e1a01,0.025061513501192827
ck_17bf38d51115a8f3,0.09330749417387234
ck_2659d1d3762a2825,0.027489973705726596
ck_a7285955e2852686,0.00687186278625956
ck_f2c33d5b65b321db,0.02978307272979634
ck_83e5979334345622,0.012548745765814327
ck_629537d8b4d0f395,0.006483524570575904
ck_72022008a92c9386,0.017198841379751983
ck_2973b8274f0bf69b,0.01047196346556548
ck_565e3418d2f4061c,0.017190759059815344
ck_54bb53b8f8ea32ae,0.9910775596285744
ck_af0a6540ea7a36b2,0.01317808868190784
ck_888651bfc2c8cf70,0.007613486774084542
ck_1dedcb48ac381a1c,0.1741215236183356
ck_f73273e220296be8,0.01915043620369177
ck_8424bf65223a5a9e,0.01286560044079657
ck_337b930fd149a696,0.010307952429927549
ck_8a4952de8a123ef8,0.07836078948509705
ck_884168153c9c0c81,0.010586087043734305
ck_fdda581aec411010,0.0031311758480424773
ck_2b7cadbc8b180d32,0.5045280475109111
ck_8aa8b9968233a1ab,0.01585513463444303
ck_0af18b3ce015d294,0.04721061667197423
ck_8dde670a735d1e90,0.16223903562498054
ck_62f46226f244139f,0.04362145886423133
ck_f948e8a8fdd79b4e,0.013924058147700306
ck_fa00aa0f3e859904,0.021030445738070374
ck_fc7935f784a4f249,0.009435893091149228
ck_e7501307c0698e5b,0.024536072899744847
ck_549ed417f2834cee,0.04829429584177336
ck_fb2a35571ec719d4,0.21828149888376944
ck_25822068c86c856f,0.00674511607558782
ck_8f35d229b62c8f23,0.06018488637114252
ck_bdcf049c1e7d0c95,0.03448772510004688
ck_0aa9db36eb16422a,0.012894791423631632
ck_42dcf92e9e016922,0.0506355461677748
ck_42341cf31c08c981,0.01355971409388095
ck_0b20bfc515ba42a2,0.015045010714453572
ck_0ec820b670d48098,0.005812844021405859
ck_1f0bafec397da8e4,0.020612796737240462
ck_82f07504ab59ed33,0.17609803440398558
ck_337b24a474010abb,0.9985459039263089
ck_703703bda38fdcf8,0.018036016920851387
ck_01e7960c63dca3a4,0.5794274931558331
ck_be5bd81e3715cb8f,0.7748288868502718
ck_197f8058cea1fbea,0.0035283264210774134
ck_eb3fb1106f2f1b21,0.05463952976257781
ck_658b4b54be09a4bc,0.9718485222578335
ck_266ce7ccf41ccc50,0.016870526270631594
ck_110608c3b03d4038,0.1768224535760743
ck_1be8cb95d6d9bbf8,0.011644937509763916
ck_8e16a64a776afa82,0.36358108488243746
ck_34bd190d37eda534,0.08746568263719907
ck_4f521611ae14ae66,0.011150728101399528
ck_d839798f9520363e,0.049981885832828345
ck_d1bbfd246c0ac9d5,0.3722430978607317
ck_f19030e6e85a6776,0.07254253934800681
ck_cdabe60ab59f9d5a,0.17469362597107044
ck_bb84b2b30293f566,0.1419358193022178
ck_427b91925952cb40,0.034570153778536776
ck_1078b1e155b5b640,0.010281272475451136
ck_95fdc264eac72fa0,0.018020737982996096
ck_e35eb857c61548b2,0.7641347493694014
ck_69bd0b1abea7e1f0,0.10865393992990223
ck_59de511b20c842ba,0.02882051402471221
ck_168e7ea341a36b80,0.025586736352890563
ck_4937cfa6526ea138,0.016600454723118545
ck_bb1a981306b750ac,0.05808989907133126
ck_f42a43e4c3f34ccd,0.01691714461998251
ck_c7ae1d4b3ab38185,0.009249442987290078
ck_bd23cf9bba1dd33f,0.043564789204525486
ck_0fd826fad7ec7cd6,0.04471840540445623
ck_f143641bf3dd0414,0.011583920298889225
ck_ad6d48c20a3688a7,0.021052182036550605
ck_7bda5b5b927b2905,0.07321389379396094
ck_a337eb38eefdcc88,0.0277676128342416
ck_403da2a2d800df9f,0.0779193700834593
ck_aa01d5aafde73d0a,0.02098286016193667
ck_494954023f0eb309,0.10309302782084999
ck_1c6820fc38135ad9,0.018526974425487692
ck_0e0bab173622db9b,0.053183070356175546
ck_547090bf35a3b243,0.024613010688006365
ck_d69455220b21dc9b,0.04078095271835356
ck_90b4ac695b9c6bf7,0.016687612939060677
ck_8d2afe17c0082e6a,0.035348295497816366
ck_926b81c0ba528eee,0.008146343903953046
ck_ce36b0c287bd198e,0.04312167289829895
ck_8026e017909aaa6c,0.052695471485337285
ck_dfba788f35d4c372,0.010902640664200835
ck_f09f9d0e0886e0c6,0.01636478475703323
ck_4ffe0366df388604,0.015324219399175774
ck_75bb521de55644c7,0.02939907829508868
ck_81a960fddf79ecf1,0.8651341534421488
ck_8f43459991ea511f,0.012702042367281147
ck_f878b68d66fbfd4b,0.004840057111254795
ck_e84abfc0c747c9dd,0.8623586049304093
ck_3ad3fd3cceb56b66,0.8861243477877813
ck_7cf562578c7f158a,0.02341079945865957
ck_f81a97d350397306,0.04137435852712954
ck_255d87b7fb40caa5,0.025063359061844846
ck_b3905153b9eee924,0.008684694950840326
ck_2c80a592fb4cd6a3,0.012593071354179572
ck_57deb202d4188a29,0.010293880995504292
ck_e3cb5f31d8e94448,0.8615026891142663
ck_0db62d5f7f75f80f,0.028756754103848738
ck_ced9163ea85589ea,0.09567127653349067
ck_e16528edc694fb33,0.933310684459257
ck_78cc5ec4940fec3b,0.02351851797773945
ck_31742076e9a998f8,0.005801160996139831
ck_5ac335f02280271e,0.21025493307090395
ck_7cc2e091806cfa5b,0.1244515665225876
ck_3152c7115257f084,0.03108761005388132
ck_ab1b9d019921bca7,0.01299727024088418
ck_c33a762d98f9b290,0.014164239940675694
ck_b16a7c51b6f7a6b1,0.30749353242826577
ck_97402a153348e68f,0.0024491153106764732
ck_95391029a21caa24,0.053964944528327036
ck_c2015a1200971fe9,0.018539179304723725
ck_ed4427962c68918c,0.949300033383307
ck_c5e4a17d3efb19a4,0.35262413609909066
ck_8aec3d3dd51517c2,0.011337988851702115
ck_f5178a658225d8e4,0.01910683592145171
ck_8594f165e95316d2,0.01783000262445797
ck_f0c4aac04076a6dc,0.01276906071239877
ck_ac2f7397801036ef,0.025641795185914956
ck_d1ea4bcc407c7d5e,0.021464176553416564
ck_cce8b6657a538fe0,0.025730085545682308
ck_66d0c6d6b67a8d58,0.007274095622322053
ck_1a6b30320835e57e,0.012583331279605207
ck_8cd274cc85aa35d1,0.012519529900339827
ck_ada46085a78280e4,0.030534032058970758
ck_ce1b06623e4a815e,0.021641334976465164
ck_45e70c8a9686580c,0.07255564061823684
ck_0084d8ab6b1044f3,0.014880536093503762
ck_a5f7b6fed6df2aba,0.049037271559911645
ck_94940d783e7988e6,0.02793185897334813
ck_00f9ca84d1d8ae7a,0.0038712020936893785
ck_0deb56f3f6452818,0.010954796848270203
ck_a58e900469dfc3f0,0.017195598895365673
ck_028c41b195280980,0.01692002870594334
ck_7661d7ceaeb19f97,0.014042243516477674
ck_6957905a65c47879,0.01972768291861551
ck_f7c6c26ef3c4ae06,0.0204314361858178
ck_8777beb11aabd66d,0.01340498929000585
ck_7db098a17374bbf8,0.6804585428329712
ck_66aeb00e44486cda,0.024247410801124778
ck_838c52cc1d315ec3,0.037841972611523576
ck_1745847cd4e5dc83,0.02868984208277114
ck_201687857ec8b3cc,0.032971037435560194
ck_81818169208a8cda,0.03243390647333325
ck_3303fd3f64632c7c,0.1320251874487309
ck_edf1096809e83ef8,0.011925824263324485
ck_235ce9603c7dccbf,0.05258992990214062
ck_9df7e153868bca13,0.048998618153958236
ck_3cfeade2cf270fee,0.059753300682519925
ck_982b0bf2e2b6c4f7,0.05257801297982216
ck_faeb0da678bb86c0,0.004797509662105114
ck_e86ad2fe815b6ed9,0.013989194750855551
ck_70d69e5d1bb99e85,0.052654254388552445
ck_7e9a8924eab779e6,0.972585518733457
ck_019d5891103e7da3,0.26638383968124135
ck_14f0484b3817eda5,0.005907095469691983
ck_85de63d278f0fbae,0.011432768336949567
ck_ae91b4cff57fb3bf,0.008914747839641282
ck_2a6d43b9f883b78e,0.5529272169507475
ck_7a4e3d553e8ab5b7,0.021749725298956416
ck_fdf89dc69f700f84,0.046031255479993
ck_f92e04024bf13558,0.008436191738164974
ck_4a522ca2dc4831a0,0.0019614632938980596
ck_68ba25dc3385fea1,0.05946540305420474
ck_22128a4f0d033422,0.01521799170107593
ck_5b52ee0a13c71590,0.11222655684091933
ck_59472d17debedafc,0.016552686532906286
ck_9dde2c63acda3ba3,0.006374386738126063
ck_7510b1023cd08531,0.08083194026126353
ck_071ddaaf2e4e3671,0.012876890023801504
ck_1355db6f4010232a,0.07258071990295507
ck_0a7adc2f27f98510,0.08449507538292528
ck_68250033717cd59e,0.006486099480416151
ck_7c12de74de30b788,0.20054257205358697
ck_65491367584c730c,0.011766984309364027
ck_e9047964952bee70,0.01840094629742154
ck_5567779d6ba184eb,0.022015770660124383
ck_d6ea026357ec6477,0.009394618336875016
ck_cd7dcc884e283746,0.023461131789734947
ck_0bd77fea8ed75a15,0.022408187834779124
ck_e80883208e8d0453,0.018314369005906293
ck_2ad0ecbacd5acf8e,0.8730939212459852
ck_6c1dbee7e8fdd5c8,0.007252400233325664
ck_ee4d9a7449515908,0.005279490193230737
ck_636111f7f030496c,0.029331914358650093
ck_2c629c657f73941f,0.011457521820030835
ck_c1c9d3842d758420,0.028617649013907644
ck_e4df7faacdfe8c40,0.017657213012635436
ck_94e8142728e44380,0.03416154134317761
ck_765aaf42c5088545,0.005537578530683637
ck_e0f845159b6e6a4a,0.04961343377127803
ck_5bc07deb82edbad7,0.01688650637431326
ck_713159c5c6a7a4d0,0.9939776972662221
ck_b08afc91d9ca55db,0.025403355790505882
ck_a7bc323ffed2ea97,0.22624882078688072
ck_85ca825f905a34a1,0.019498771949499484
ck_33160c443d4b3f19,0.01554266943454918
ck_832d39c590a3ca75,0.7986681179604456
ck_7d1661a34164406e,0.986389989969064
ck_c2466fc40fc9d5ed,0.9511558179805815
ck_ed0e776c0926ce67,0.07171955081890981
ck_cdd2ebeec75bfa69,0.20917453556050644
ck_d7877684c7923ec3,0.03971674864467269
ck_7384d4d2406aabf4,0.014863261122031932
ck_b8e5244e650aa81b,0.03129836938623908
ck_25a1ea40b2d59254,0.004172018488136632
ck_b9e5b318ee4de68d,0.00676463278193053
ck_620d7ae27af83cea,0.014501974896833537
ck_40b4e264d1a12b83,0.9039090872408706
ck_b694c803b62862b3,0.017687669181588327
ck_cbeca201dbade3e5,0.017249211279318492
ck_f9b439c9161c3e52,0.10622197023658442
ck_9880410fcd10a28e,0.022991637417671566
ck_74928f5f91aa12b2,0.08161384672462035
ck_b6673bbe61d2680d,0.044455887824111084
ck_53c8315b5c30acb4,0.008018485458578334
ck_78f01d78ea79642f,0.016991642681518968
ck_8582490d6e365a63,0.02178396884552219
ck_af25c72d16299258,0.008962464265355925
ck_7905fe8e257b0449,0.03700303009888255
ck_0d16d9349e4a9e08,0.05642732276337066
ck_31b16b8848584e98,0.008711359880430243
ck_67207e3eecc02d76,0.018577633171457733
ck_e6b95ff91116a592,0.0025154478830377875
ck_c08f622bcd6de6e7,0.013631934493906943
ck_f9a68da9e0f0bc85,0.03553711174415759
ck_4072b59388976896,0.01669745822627937
ck_8ec86e853ad52828,0.0899515370927582
ck_4fecb87eaffd5cb5,0.002914115730318236
ck_d6880578428b965e,0.148352946031725
ck_bfc82b3c1c9f2897,0.9302167561208764
ck_c340644176ca03e7,0.04478911956828269
ck_321e740066fb05c3,0.2046971499055052
ck_8929d2eb09872052,0.16961851207224496
ck_205c107cec528414,0.15409923763886166
ck_e76db7d2562f9836,0.016002902280627455
ck_9ede51c8434cff6e,0.04756585765980994
ck_492e4b89c61b7b6c,0.009625747692755317
ck_9385f5a1eeebefcd,0.017963803069180214
ck_ee52c7bf88f952ab,0.014380394909650106
ck_d8116c34302021d7,0.008319935837042899
ck_01645ea51972e99a,0.027365091669528774
ck_7b45ed23304a854b,0.024247400259503997
ck_2096d32f3d497ea1,0.0566707813344989
ck_dfbb2056f1ef7d3b,0.11329904155380213
ck_938ce30c864bc7df,0.02325444057046246
ck_ff30dda2c881a4bd,0.060169722650703826
ck_f88c79186a082beb,0.019411154919213174
ck_08c7bb0f9851cb76,0.06877151501129655
ck_2675e7a008e584a7,0.01336776548242309
ck_cbaf8a954281d4e3,0.9766864574130826
ck_8b24eadf6c72b30c,0.18053748103422276
ck_ffc8e3c1377d0706,0.00402568237139139
ck_5b59e859bed5b40e,0.01682282454520299
ck_7b61717f172f9317,0.9157076922052328
ck_e5c30947b732f661,0.04474474853046541
ck_bc273f3ce79f7e1a,0.00845755231175395
ck_f69e93388b3028cb,0.21559820409242492
ck_3837ad850996ba60,0.03530446440345379
ck_36d78ff3bc033ee5,0.009976813010735108
ck_5e20953547ba4135,0.13435263685708063
ck_258d661e450ac870,0.008809577001539138
ck_1df66f537496ca59,0.09516023833895415
ck_361f535599110201,0.008646016788135215
ck_337e98c69f6e7886,0.00467414044513431
ck_d3d5b2717cfc3913,0.053580702513784266
ck_b1dba768dbe7affe,0.023497836702916854
ck_92d782bd9ce0d1e3,0.01978282059210782
ck_26bd0f8898afc8ba,0.00775335595877995
ck_7916e53daab36745,0.08176965894738371
ck_2caf553b31831a50,0.009790794207676373
ck_c6200734c7f9b2f9,0.35883099855077316
ck_cdc55623cb16e6a9,0.005278080232966873
ck_57849e15b61c43b4,0.007151704451878089
ck_b7af9b2ee0eebbc6,0.017777600377780495
ck_00aa5fc3b3bc66aa,0.05471655521116929
ck_9929723f65636c7f,0.9816845466700388
ck_8f6cce9f69912983,0.007726688811897302
ck_c422ba389ff00781,0.02004754072515702
ck_9ec7f334604a228f,0.020987718349733248
ck_5d01200ba3341462,0.011667757662057231
ck_2bf10be403849c9a,0.014543581975922487
ck_6ca018259f70858f,0.00432955523115938
ck_a54dc042ebb7c766,0.21109514968965867
ck_79da63fc100830b5,0.025979357537200327
ck_67ab6f9e05c85085,0.012008474887870005
ck_fa80da579ea9afc0,0.005669273619234208
ck_4339f86c87289222,0.34797319051022046
ck_a2299b4f530be0d6,0.607846893613557
ck_19db0bf788697c2b,0.026522857636165263
ck_fa4211c4d826d830,0.0150767770320133
ck_96100d5e8e051e91,0.04431409186854557
ck_5c3a671883d58b3f,0.008498783944053644
ck_2d9524787cfe1ab3,0.14786744664795626
ck_47ab8e51e5b3a2d8,0.034640823236901874
ck_c924f36bc1bbbaa3,0.008773184523803693
ck_5c58e7f8fd55e26c,0.004379100555613471
ck_a07e7409d6d5aa06,0.016306747957516757
ck_c8413898f5f7cb7d,0.032222816996279574
ck_577c816b41cab002,0.8040739544208088
ck_9f7807ed64cdb728,0.24207528652084234
ck_495d814d6d6d521e,0.009757466100828536
ck_7aa8bc018c2b003b,0.009942764473181043
ck_7c3a6a82f3c3241d,0.006694252933990166
ck_487f7fbc290e4ae2,0.04891683932018479
ck_e556c4d36aadbe03,0.020272501265744883
ck_7e6569a1b2455cb0,0.028487359032749886
ck_de2924955926d046,0.023687611151493645
ck_73d60b4630e3937a,0.03391793131367212
ck_805ee564bd35ef15,0.03197934011767394
ck_0d40961e47797027,0.036572199263295586
ck_f06d00a4f9c87d80,0.014935047837342695
ck_5ef50fb07b6737d5,0.01594800432458649
ck_16541fc15683e21c,0.02271860502726367
ck_09fd43f1b7e2eca2,0.01745943327426427
ck_2a2c336a69b8d68d,0.1937951063771498
ck_2685f38930866af0,0.04458108915837569
ck_298278a9da874437,0.018491189274972213
ck_00bd7803f2530c68,0.023446318122659026
ck_c2b4a1d8c0b6c1cd,0.005514934223519726
ck_2acb54ca20c3af6c,0.05987523831654608
ck_e3d4b6f681c783ab,0.14403888956977004
ck_f90293f1eba5d7b6,0.12243423621517531
ck_e69d27e8965df0be,0.004890034906044698
ck_b7f5d10b427346ad,0.09365396171849547
ck_1ce20e4223a936b1,0.006855827235561295
ck_6b97d1ab90f6bdeb,0.008983130143803647
ck_e30e17db5473c7b2,0.01339913082731899
ck_154c8efb19dee665,0.005115919417987377
ck_6f5bb0c930644cae,0.9984045812941398
ck_9e17699baa83d173,0.008253486286624956
ck_9693b1eb70880205,0.01369207138838044
ck_1e97899875bb427b,0.009140074745735936
ck_558a82590f65df69,0.025124325734557855
ck_18df83242ff3cdbb,0.03514639166973468
ck_80ad4396e1084c68,0.046759526343614945
ck_0a993bc947bab61f,0.01706066052512059
ck_5c2d43ff841632f9,0.004568845145383657
ck_6e4b99fb9725d9fa,0.015149482022511089
ck_e0983999ca26c19e,0.031217011743465993
ck_6573c4947cc8607e,0.03912110581454749
ck_d879d645d6e44207,0.008661518494355916
ck_1375ad9f10688e4a,0.01693804467257243
ck_7501ebbf4e21f160,0.012509422865187822
ck_ca60d61cd4dc3bea,0.017532498546721217
ck_ab9ea095a5c58b4b,0.007168429130626952
ck_23756522b58df5d8,0.013639249587576938
ck_90bc176c43d85fd5,0.15079474962256445
ck_908b663b2dda94ad,0.2627450842967882
ck_4df2fb8e4b649e27,0.011551730000019148
ck_5615c6bbdef05291,0.15038353215593778
ck_b62f3e3185251f71,0.0017357500653612202
ck_38d1a22850178f33,0.012231563311169136
ck_5b3ba20c8bb1383b,0.01592177871538737
ck_5576ffc6aaf6f22c,0.0037895286966091336
ck_cf7a022178165e56,0.018864611507523207
ck_f2c7a4c50e2ede96,0.016355707240943866
ck_285719c77eadf915,0.01900818384712022
ck_f2aa1b677619ab19,0.019754029554742786
ck_3830c58d841e9e69,0.607894254316659
ck_32eba3510c8eac5e,0.011035964007929852
ck_8955d7b9030d5eb5,0.048981093734779116
ck_6775e387dace7525,0.0524587350291569
ck_0a0cd7f4be606a93,0.029245951230162555
ck_a9f700eee5d638df,0.025495378413036097
ck_3d7db96995745472,0.0438478179875614
ck_aeed557007d52e9c,0.001544856230719978
ck_79b6a86830156b5a,0.019085126354015058
ck_6a1ff9d69466181c,0.9972572389704575
ck_f11b1565f986f5e3,0.023584513142646743
ck_4819327a78615485,0.030715725562172086
ck_3ed9e081959b2f5c,0.009825322507437631
ck_16af4be191c47d3d,0.004656078028812311
ck_25122cc0e8b1a662,0.08414044428149318
ck_509c22828d467ba3,0.030079682213028723
ck_31109c899336348d,0.010471464049417392
ck_c51131e53baa59c7,0.0051264211705016275
ck_cf8ecabbc61d3e11,0.05620291918747259
ck_eb6baff0f85ba936,0.02040749871626829
ck_777669e2243204f2,0.9126617364269881
ck_ac0ea27e692acdc9,0.029474984399535834
ck_4c6ea04ce8ca9e2c,0.037135747355360176
ck_ca54b32fca7e94cd,0.02021001100118985
ck_4dfd8947f540eb24,0.02282959158783956
ck_95aff1fe27fb24bb,0.022945015976156752
ck_c7550723b90e5615,0.0028259900243219295
ck_57b3fee69bdf85e8,0.03182251238790413
ck_f823407ace7ff064,0.11597272372202114
ck_a69084a068bcc8aa,0.11385532148202247
ck_c7b17f7b24bef5d7,0.014723593566071313
ck_7c4e588f927c27c8,0.02489949570350962
ck_77fdac602d0c6f95,0.07100544141513183
ck_e963d8525018d072,0.02291276351756472
ck_6e8ebaea8f7bffaf,0.014658237030228631
ck_aa42976a31cb7770,0.007200906621207045
ck_22c862a496008c96,0.9912906771278743
ck_527550dd15f38782,0.02985312932504916
ck_b3ab3c210e2c7c19,0.016409660703116846
ck_ed9c56fdb9f45ddc,0.24173216973924025
ck_b53281da70defcfa,0.029698357058859152
ck_03009b721568ee98,0.035536240329645745
ck_3d9afd862b3f4053,0.3988340660226629
ck_ad3c4be96599554a,0.007673080116199825
ck_d1c787c27d50af49,0.01061682084322778
ck_c7a9c7b2eef46a99,0.06415998023785142
ck_53036d3c6c74446c,0.19235435497221665
ck_1b1efbd9c0964c8d,0.016673875985933943
ck_d66f42a269d5c1ed,0.07029328568796377
ck_fefc49a2b8ad993e,0.058110134742114065
ck_8b3b874249adece9,0.06577659523497285
ck_193d9c87ad3f1dad,0.006326241312779504
ck_0c6a50d747593b7b,0.021496173822868586
ck_c830f3830875b47a,0.024353700728492744
ck_79e202f06d8dfe42,0.02095508734767526
ck_5c0fe988b8aa7fcb,0.21226617221653854
ck_a8382d8345f21e1e,0.005320964430313974
ck_8cb20053914692d0,0.03588959145086917
ck_1da2f69023ca4c13,0.013133134487572279
ck_38abb60995114f8f,0.06178924942629438
ck_f5791fd8fd8fd191,0.02904443812903864
ck_a4e6fc391b674335,0.09229883521842522
ck_bd771efb4a7e15d0,0.012867402128569554
ck_38ba4a6b6a292054,0.026090601429031763
ck_f7a07283345a0dce,0.019234077076661703
ck_87dc484baaf5a23a,0.004525444302955074
ck_c84ef83489badbfd,0.025287001314468645
ck_a397cd64ec5d644b,0.04924965454380099
ck_7977135c2ff61e92,0.003023606369382561
ck_52174855b243a8b0,0.08616303609458777
ck_0f35e930d0614613,0.9880569570058065
ck_b170a7db522a0d6f,0.024161407269956938
ck_7af748a23775bd54,0.055969498110986234
ck_52f641c9ee6fda70,0.008567277060009525
ck_c3719a30414bbb4d,0.008908395826181545
ck_2baf214ad6bc0dbf,0.09953969122876759
ck_8b39d8aacfdd72b4,0.07123005067765358
ck_d39b0152116203be,0.0099777584553496
ck_ed33f8a937f9c7c8,0.006979777606971841
ck_8ef97b55a5fd6ec9,0.0054381660475258525
ck_8247f008a14bd1a2,0.01355670495348777
ck_f0d349d68249d5db,0.021572319096889874
ck_a544e766540861fc,0.031946009365425
ck_9dfaca4c7c80b10d,0.04107202518724902
ck_7e5401c362b2216a,0.011213368029041415
ck_64ff60c073fdb6db,0.030022666702733652
ck_fc5ea49518e5d637,0.004342785365148142
ck_580f136ced341298,0.018412965270482133
ck_9cbef9bc95449dca,0.014719770347598604
ck_e475a3b8ba870a7e,0.007726112807121537
ck_97e94708bcf43563,0.00539438283304565
ck_13f03ec785cbdae1,0.008496803864562304
ck_152820d8817f478c,0.004545050241740262
ck_d20d4ba60eec9945,0.010344032930100062
ck_5c45968a805132e0,0.023580394974985826
ck_bebea2cf3063fb24,0.01920592539479014
ck_c3c69aefe7ea1d2f,0.01413826194674465
ck_02028b72f26fe855,0.011468620267301846
ck_dfadff70a58a9133,0.010784003163422623
ck_6482ed4491bedcaf,0.0030931193466399495
ck_754cd7b4a5ae3f94,0.01985153210155114
ck_3132857aec8485bc,0.004265916630573796
ck_7ce4ca91b8f9f1c1,0.03254071784191209
ck_41938582f4351772,0.03951056345620915
ck_f87d66946252476c,0.13179800263748526
ck_8053f1879a9b4e43,0.015229386620910192
ck_93892e91387f5103,0.10219262975595375
ck_15254db133b28371,0.11307866168082543
ck_d557b9feb241b3ec,0.01332945415039493
ck_71c3a8e4c12c989f,0.004462681250733644
ck_80e3041811033443,0.024477781615230187
ck_3380d60067b4634b,0.012147852324967545
ck_a9c2cdc758df8510,0.026130707141604835
ck_3c0031d7514da17b,0.014710412779329963
ck_18d214b1418be39d,0.0413674685024506
ck_7ce768407fd48321,0.02054662605201578
ck_7a50abd42298133b,0.011766749780747128
ck_2db10f987d137582,0.0232177170199931
ck_e077d004cd1d80ae,0.013059876269090663
ck_1cb6dc67f9a321b5,0.01450596313570909
ck_b864f64101149c35,0.10754868650612161
ck_9bedf54df9418e4a,0.00761217481173799
ck_c47e32c47f0e6578,0.152768393802751
ck_71f382d5e338daa3,0.00340686385949067
ck_14b4bf7be6ac2b61,0.1902780701064229
ck_5c87eea1cc07cc92,0.03875262753529272
ck_5f445182829ef342,0.06724579692474988
ck_a5d7311291caaa54,0.029989437816727083
ck_b7df99aecef385e6,0.10579522841028365
ck_3327a0582407068b,0.021014044352050593
ck_08dba09fd7dab896,0.022040588933506945
ck_f4ec334be5266378,0.02397155936639481
ck_240f7f894c5a86e7,0.024419944937791097
ck_a9d994554fc14a02,0.001022623268235439
ck_13648cbd306eee6d,0.011116791999224291
ck_601edf9105b3c321,0.9930031236474948
ck_9527adac182abe57,0.21329672862969884
ck_4e0e80f5cc271bf7,0.010584615608556785
ck_96a89e720176b389,0.03197825520686606
ck_63560eec94b76d2f,0.02574388052053762
ck_c9c99e5b19aeced8,0.00787331058217253
ck_bc32655ee5ed643e,0.02755780396380329
ck_edccb5a93b741744,0.01289115075378848
ck_f786cbc987b70930,0.02616744025876083
ck_0e8f26536ccc8947,0.024434162484959866
ck_b87ef4b98cfcec4c,0.03206586216363106
ck_1a9235812de4b2c1,0.027751281290808057
ck_d1ed88ea4211ba4d,0.010099146545973513
ck_a4ddac49657a4450,0.07331654780593415
ck_d9ffca35188e49d8,0.0206307879881796
ck_3db73bbe03c3d240,0.016876381803407857
ck_fffa0622344a36ab,0.009363294072576533
ck_148c28df51bba5e9,0.1352019931318107
ck_076cbc25c8f15fc3,0.9663695756153653
ck_e5ca550b39ed45bf,0.17676240886761235
ck_8dacf3a2061ca17d,0.02598456499270079
ck_2d7394afd61643d0,0.03309288539359279
ck_e42206e91f6a1752,0.0049395244780162054
ck_2f4f94827984c426,0.009836983486783841
ck_edfe8e90e8f4366e,0.013195513881356069
ck_646b15f753e5e9c6,0.03134542272423208
ck_66600620149c8799,0.009298204354382045
ck_4ff6fc70bccfba96,0.03183137507835379
ck_41af3729590c2484,0.0035202165126558484
ck_920a48ba8c583e96,0.008882942395657366
ck_0253b3e7be021306,0.010906750599137888
ck_2ae6949246ea2648,0.007903678550699985
ck_db23a5100f338d72,0.503328094509562
ck_fcb2a559474c3493,0.012906088565495353
ck_0a4d7acd2a53cbbd,0.06290858157462902
ck_c5d62b2b7a6f3bac,0.7601588768235173
ck_cf59f4fc0ea690b2,0.024862503688608664
ck_837be8126bb19250,0.009839643954880937
ck_58955542edee1adc,0.053416485662450656
ck_1b93381d8eea58d1,0.01685533373486997
ck_97b8e05d62abdc14,0.034886337046756775
ck_71a0d645744302a3,0.18555866738189966
ck_a7b57882ab66b111,0.013881800131543276
ck_65f76421be648549,0.03327573911945536
ck_b53ea8713d32ca7c,0.014539579312602175
ck_991c4c924a1d85ff,0.38737338830125856
ck_8432ccec1a4ec7fd,0.9972100230292655
ck_64c1633297f43788,0.013147544927451595
ck_4291fd9c1161d8e1,0.022685400228561803
ck_5e98ed6391d9f429,0.049222786926527144
ck_c7baebe4549fdbb4,0.02843661111211413
ck_6e67225ba59fa5ae,0.057691812307416455
ck_719602def4d35fe0,0.015316762055825078
ck_bdee7c86f5ebe81f,0.016496735673150027
ck_8de38f8c7f91961f,0.03671574067803976
ck_b0b5bf9254700402,0.14114672778126575
ck_7b55d9bb1a250d4f,0.12603511323797034
ck_3954b7b0fd1d6614,0.004375265796400777
ck_f29471fe7c818d6a,0.054845933467865524
ck_9e65a8a2f587691a,0.019051261234767032
ck_eaec5f1a83b66eb0,0.02935206342392148
ck_004fe0daecbe2c1a,0.04170091240763259
ck_d17653a4a2d4a79e,0.017113948819883915
ck_0dd417fcbf19e424,0.06893379459393031
ck_4c99a6eadea143e2,0.1801522486233989
ck_74d602c907ee9119,0.01286012314313459
ck_1aa87cb62acc0ac6,0.006027273838824083
ck_094974d75e29fb2f,0.13254763476328862
ck_5ef935ac3d4d3332,0.010537061981200845
ck_b26e4ae47c9107ed,0.13219444275959563
ck_396cea6f95186ad2,0.030391794246400244
ck_48446a9e8184c7d4,0.01027809871322441
ck_31e1ede23247d56b,0.021452080707466837
ck_7afefa349b960a3e,0.02181452402527511
ck_f5e02a3432571b20,0.05329134018719349
ck_64eefec062592c43,0.0053684856692168955
ck_a1201284122c141f,0.019027019204099826
ck_1b34c420a4c85a95,0.013548938353162607
ck_d637a011332ba67a,0.01346497923145965
ck_99c0004d8b7079f8,0.011369246711901693
ck_948517bad569b40f,0.03812732863563821
ck_a28d6b1601b472a6,0.017921071202059883
ck_a0b4209feb31f5c0,0.9984038820530209
ck_d6d2c1f6dfc455b6,0.018717130454735855
ck_3f9e6d356d3dd3cf,0.011148916687841124
ck_d08e00c842b75176,0.011423646448270887
ck_bfdd232a7c5f2660,0.025403355790505882
ck_2cdad03ed069438c,0.02944000062276947
ck_42317c3eabd0a285,0.021543093640819213
ck_3eb73e56751c704d,0.025932960311324117
ck_ef33c04f4c9e3758,0.027605591192757732
ck_1dc23dc870f1773d,0.026085784838683686
ck_76091f357974a152,0.013313218979856616
ck_4d9eb75e8eee90fd,0.03034268641177897
ck_578f67e69e5d2cfd,0.003949266946458747
ck_3a8ce1cc724229b8,0.010219982142438867
ck_a96887f841e80fc1,0.032794490021267976
ck_d2d4a8f4a9f2c33f,0.03759704484441031
ck_11f85bc705dbe036,0.01908676894993994
ck_7429b3f87528e335,0.008476315154590864
ck_26df74feac7ec51d,0.015063252826253086
ck_c78b2638fadd91ab,0.013018538871034274
ck_7eaad325abe3b50c,0.02320464321785545
ck_fd44e34af620e606,0.03822880172775587
ck_f99738dff854e25f,0.008227589815904794
ck_1ffbce3a239bb264,0.040695962741518134
ck_96c7d52ba0a766ef,0.10199725057883476
ck_cb1c00c300af3f9e,0.06082076250516745
ck_ec3d12848ced99f2,0.007891923938636924
ck_26cfd7c3c6c7bf69,0.019974364541356843
ck_7ae86b5a885affc3,0.015681084224848735
ck_3edaa94d28cd48ea,0.016938671515773062
ck_3209c530c9812e39,0.08470383420289995
ck_ea62ebfc1f04b49a,0.006113650338267278
ck_5fc90b4668ea81bf,0.02410285736009364
ck_95654593cdebd141,0.012331220102304684
ck_958c0bd61820147f,0.027341279068769264
ck_8440ef1386c07194,0.004486087483864828
ck_8cd1b68dd74b1375,0.5108896653744187
ck_c9eb4df91ff07f2c,0.011883513633806566
ck_c29489366c01fe65,0.9224194331755488
ck_c965fd6bec0f0ecd,0.03458663203746316
ck_84c402b23766e1f2,0.011720445254389629
ck_181f3dae03b87136,0.07704591314451063
ck_022a8ae79eb28cf6,0.9470498645754724
ck_469c17407d17b706,0.0138860327938906
ck_1fcc5843f39148a9,0.005113236567833788
ck_5debd55f361b2ddf,0.005230872820683291
ck_28cb9b03e89263f1,0.008645070566719383
ck_f067470743d3c7a2,0.0299495120549093
ck_d5d225ce41a1a762,0.020977230618540364
ck_15b4840922195ffd,0.03056368799063416
ck_6bcfa37c717f19f1,0.03679272459791365
ck_8d501a0386c66be8,0.26652573126897444
ck_1a9d6190c57ea7e2,0.305773213007858
ck_c49832eabdac5bb7,0.017890450915464564
ck_b4331140b2e0d4aa,0.023931729488570374
ck_5efbea1befdefe1b,0.23512592973396593
ck_72ff52c4824072ce,0.019402227745064234
ck_ec3715add8bbb6e9,0.009032912187502459
ck_9822f8ed05335741,0.1571811901935915
ck_c3d7d3d12a1981a3,0.04546454512386183
ck_a115a7919ac5875a,0.05267638681684882
ck_4dd4ed23e0b927b7,0.19877725332862248
ck_4c76efcc1ee6762d,0.0375560266488574
ck_3ad6e7bf452c9b21,0.02191324244657337
ck_dcbab304b55a42c7,0.005200781784852276
ck_24b53090faf722cf,0.009030636412669393
ck_187317383400491d,0.01905814224330545
ck_e07fd57565c94c28,0.1097770664826774
ck_740e760fdcd27835,0.0217623663862669
ck_d3796aebda1cfed5,0.819936010611252
ck_e541967c681cb929,0.01865725639045789
ck_431118050b834dcb,0.026499119416251635
ck_90f3655f0c8a0074,0.011824082419632235
ck_13cd943777651aac,0.02123474074879911
ck_66accecabf3901c0,0.059746859393615015
ck_937f0da2306b2eb9,0.041130376300868736
ck_105b0c93573fd5b7,0.0735512270368122
ck_00480407160e0743,0.035862425396364236
ck_e032068be7b77d15,0.08939127620559047
ck_991b7dfd69098320,0.012123118257207544
ck_37d47cf0f34574a2,0.013360288631069377
ck_011551a596544f5d,0.035943726984448386
ck_9acd98f4fe2d474e,0.3892178518963587
ck_7c88d3d377bb61bb,0.04099776189887925
ck_e2374c7136c964fd,0.057248842797306736
ck_2fa8f2577116e9ca,0.11639334460104309
ck_d07c5b0321c685ea,0.3703108382587539
ck_bc736114a31088a7,0.020442849938700044
ck_32bb42f9bff197f8,0.017119735696966225
ck_66267bbad1f1415f,0.9981198130040737
ck_19988702ccd79201,0.0031206004864570177
ck_f473a03fbcdbc4b0,0.021838211916856694
ck_e3f1d85fa5d49396,0.011727959998094332
ck_c4402ea6291df271,0.020582957016111323
ck_243bd5ca8c4ae5d0,0.006890554100168618
ck_f271e855925e8d6b,0.26925219331615624
ck_e424148c6f2223df,0.014001190630023884
ck_e4d0a9e1102a58b5,0.007580086630141768
ck_91c2a5fe69b9b1d1,0.17002291620805846
ck_5fd8924732fe403e,0.0777507517561951
ck_9a881d5433126ada,0.039295724489154
ck_73cab88b29c7845d,0.030262752847912747
ck_5b5dea6476d4e182,0.012341936133341266
ck_ccccb17d2ca6ce94,0.09259243958298274
ck_cd1dc68e441222b1,0.8770147317507727
ck_8312c49b1431a406,0.02126591160043471
ck_25fea39897f2a559,0.007451919056148188
ck_f56200205280bddf,0.054559990908967855
ck_7336611650dcc088,0.015212724200195408
ck_590716322ff147ae,0.042945173962994604
ck_c82364d87875a1a1,0.01933570122815185
ck_fa4b60387d744fc5,0.02084118843395521
ck_d841eba8906e9a15,0.005379239546063001
ck_d6df562a79b9d0d9,0.01896676921481365
ck_59a14d2564193101,0.04841480136205
ck_8530158e3d7f59e7,0.00898403021060145
ck_ac68d707006c12a8,0.07619972937422081
ck_976fac1bb3dd8c58,0.02437928858285643
ck_f854fba8f4adae3d,0.03086413563351479
ck_b98e9c3ec6e7d1e7,0.004789861336137922
ck_803c0b4cf9d4bc1d,0.017883690289388854
ck_76997a33c3ea5107,0.0029956092844010797
ck_f1a9d832b700bda1,0.9451529365058787
ck_2bd96ddb8c323d63,0.9932372055174965
ck_9e5b7acf51b1b743,0.024419856885255838
ck_09169f22194fd6aa,0.08239159683707407
ck_6d69e092f9b0848b,0.017943743158203906
ck_9f83fa5a2d3b9049,0.010905604946434156
ck_57bbb19eecb4b87c,0.012042020020908064
ck_e0e9cfabb979f428,0.005978162739469257
ck_b1ff9edc51d42f97,0.005179922707448083
ck_4682fad271d47eb0,0.8934900949925995
ck_ab33fb754c818ae3,0.03038719490282721
ck_b456f62b80e21557,0.0033120654380884088
ck_16340be3f2a7fffd,0.008183452093662561
ck_ce66831f6611014c,0.023749700575336107
ck_4610a073bb54d1b1,0.03503900964684239
ck_fd038a7d33a9d6e5,0.018506031327956685
ck_c8198cb4c461304f,0.040558403558222406
ck_1e7de58822000dea,0.058580795734206555
ck_b2a79dd3df560f14,0.02383345561367784
ck_74a06f347b32347f,0.028847754013359497
ck_c6fdb2972417c9bd,0.0401239354944242
ck_d7607a213b800bfb,0.04004800891242462
ck_df65967b8b40319c,0.005543959575598455
ck_329a73dbd585ee09,0.01688578266515312
ck_74991a9e85c3b07d,0.013905330780801488
ck_bb76609b79e0bc9f,0.12115338322661806
ck_f7fc1bd0b9ab1fa4,0.010010677674220892
ck_d111c98b36bdb791,0.016113891729621112
ck_f07e27d125497b66,0.04873793848057471
ck_093e3a7134e11d6b,0.015083862335797633
ck_862c7953bdea48b0,0.012221865739416369
ck_392cf2cdd515c34d,0.007635384548512379
ck_80eb91b0b4001084,0.10435925252727672
ck_5923f53b77193a58,0.031059342065799255
ck_8049f5fce32be185,0.6260685279549636
ck_ebc5a2c6cf88e252,0.05080788846002683
ck_9ea5872f14cce338,0.01764684888102142
ck_f7fbc95ebf584379,0.012471935722395605
ck_bafe82c870356706,0.9850207151815472
ck_278b36c5932d9bff,0.0117838810811553
ck_6a892dd5d05c1649,0.039139733012989154
ck_0734fd90b2cabd43,0.08305934682479243
ck_9b552204498b6762,0.011134161639035113
ck_f6c909c205767956,0.014389928975349152
ck_32f590e87bc3d715,0.0012837708478239923
ck_66a8325f28be7562,0.024887854935326064
ck_b129261da9c3c3c9,0.02378978301804341
ck_a524071c51ddde20,0.011512908977885412
ck_ba576d6d4cb6130b,0.3588476191198186
ck_8d8226520722af78,0.06108652714011771
ck_c5b0f0d4f1655a20,0.042211790464382476
ck_61814ae9b6d8eab1,0.03635177423643816
ck_382ebf136f7fa337,0.19890707127824891
ck_423ff4ede6a9f066,0.16830918325912392
ck_546ad962d04b7de4,0.8739422288913072
ck_9473ea4a01c95f9a,0.059025100611652635
ck_9eb1da8cd35a50ce,0.011377910439258447
ck_de5eaa2cdbcb67ff,0.05161665109514478
ck_537cc97d0398c922,0.07945546545278524
ck_998475a2e4dfad4e,0.028291592602714785
ck_e62eb708d2688fae,0.00847169620384752
ck_ea623358f704daa7,0.04689082335532008
ck_b911a09f328dfd4b,0.028070297335622586
ck_4b3506b624e5193c,0.01667158671569734
ck_448456f96788713b,0.05034089120101854
ck_5d5ef9e75f65d076,0.019936291219019
ck_3b74512f774a6e5a,0.026297628146533667
ck_a032e8ac1507c6df,0.73876798752994
ck_7e2d6b22a0ae20c2,0.08525362629814902
ck_d80283209c963f11,0.006361486823064443
ck_d1157eade2ac3975,0.02572698540111324
ck_be48f583f79427f7,0.0342653321917164
ck_0027b5d4107d65d8,0.04987616070894716
ck_94fff69584dd3b2a,0.030291124623301257
ck_75fcda73f0b43557,0.01816055265479052
ck_a1c78972e4ee4082,0.007889625373746366
ck_f0982bbdbd122f91,0.007166977758515223
ck_3199b471575aeb3a,0.002705233863686959
ck_7fa947a0b1c1cf74,0.12558932765337735
ck_a60c618b7f0e4252,0.003699846471380429
ck_722ac47c8ac9b6c3,0.05562712813613259
ck_d44dc3839a195c8a,0.13540484392669788
ck_a2c3e82fab520483,0.023343219656482745
ck_6f8ae0319c07cafe,0.025854552111299077
ck_49886ff1e2c759d6,0.04131710569815903
ck_150a1108f936e6b0,0.007399880254544271
ck_e21f9f96f597695b,0.009153065098426187
ck_7297bff2b7fdcbc8,0.010331642385577584
ck_ee949c71f4f702eb,0.676225619345188
ck_6fc37dea4b4f35c6,0.19758825861514198
ck_e76257caa98dc25d,0.9747584898304478
ck_828eef2334e17b3a,0.02085758004870392
ck_604e1b8a8c693aa7,0.20348014479639856
ck_7743c9fe037d1f9e,0.207678170324039
ck_864a11202e19e812,0.1657696763028327
ck_4ec040b9e3785e4a,0.041293211940983655
ck_7346e4f820d9c00a,0.6276931433430795
ck_48d4d63beb26b623,0.06579715008364842
ck_c423aa6de3ed1e01,0.0048801297871970215
ck_d74b2ead8aaa3f73,0.008419559084596965
ck_1dd69a11daa7bf1a,0.05158118804345426
ck_d9143e236eef177f,0.02295214109004025
ck_f790d91e5ff0eccd,0.041278125458695844
ck_69b5620e00ef5dec,0.029276103387914244
ck_cd32e58e8a1c0e85,0.015636562707099348
ck_064013b0957d87a5,0.9954075902156043
ck_a481385c2e60dc4a,0.04022133396256116
ck_d72035cb29db3aa4,0.01682117215420147
ck_3759939a0205306d,0.04122734528839305
ck_f437a53fc832ec95,0.08102266031413588
ck_260ef2f3e6434819,0.07276153003536062
ck_35e411b05d22f663,0.034495153516710744
ck_8bf46e472f3e20de,0.19086473696932993
ck_d546994fc5d3e9d1,0.02663317718221422
ck_6ff0fc7487e737e7,0.34207955767794707
ck_5c67f27816ae0b6f,0.014032104645440325
ck_c5517923458106ae,0.005834261221268952
ck_d9735647a6b0b0a7,0.4262608005826313
ck_541a734fc457246f,0.13557566267531262
ck_2f6a639468f41043,0.005316720870946391
ck_bea2cf7a6b7bb900,0.006946308330524564
ck_7eebd0e6ad6c070e,0.01808597544070348
ck_b64c87d5e3b10e6a,0.8462264630849813
ck_9dd7daacb7833233,0.03923056398450875
ck_396e9ea9a6c6d7d9,0.09264843563306173
ck_1645e6cc53fa99ff,0.031363932538210834
ck_ea2a83ccb8d57490,0.03405204408146108
ck_e64f0df63e1be595,0.015382799770203012
ck_fa0b234481cb57d3,0.048190286788750106
ck_63379e3c9fe6f711,0.04184987430299329
ck_c67f7944896a0310,0.01292670963369548
ck_c10e54c9db29e6ef,0.9917840569740282
ck_7184ad7709ae4c80,0.017195598895365673
ck_f8b6069d7577fde6,0.01625543195986359
ck_18444be153bac1ca,0.4408125557654447
ck_d0982b4e0e118e4d,0.31495643850630695
ck_6faf3e6820398866,0.020244376300122102
ck_97e980463aca4644,0.006312344553533485
ck_630c835243c66b19,0.8401830486851118
ck_fe429ba3e1aa0e4f,0.017195598895365673
ck_1058129ed7b48c59,0.018457609439556523
ck_04a1a46f07885296,0.012301984410921429
ck_f01e94331067edf6,0.012196904755801726
ck_77b2fb17c29f5e72,0.008532039810297392
ck_4f0c5857da45fb28,0.01988775939404816
ck_2cfb9a7775e8a5bc,0.9796024415149582
ck_6846100e43659bf3,0.013469954196688895
ck_f89719a854fe11d7,0.03967133509839071
ck_bf47375e41ca3bc0,0.010557987736023152
ck_2770b0400a7bef08,0.10046073592791087
ck_2a09d142de1c77ff,0.011868385637382912
ck_857a1f5547b9ad68,0.02886547205264858
ck_185f15b1523bbcf4,0.01702749140160933
ck_ab2aed614ec1cdf8,0.010689301159108579
ck_a9e7f3b2d5dfd97b,0.004297417286355331
ck_0eeb3d9b3e697edb,0.009862161139019554
ck_fa5830d81bc8ddc1,0.04425829887339989
ck_231ae0329ebc3220,0.08065789295635117
ck_1587763dd54688c9,0.05306602096284458
ck_9f85fea4490c00cf,0.011930498149390503
ck_a2d709e7eb91e4af,0.07717596859015687
ck_43637d28c7216453,0.006849424887858895
ck_f3ab5dd853d38252,0.0036905222197755817
ck_4a1f0172d3bf4fd3,0.04021135896063306
ck_517620ca16505af0,0.004680116381897337
ck_9ae904fbef56065c,0.023102663049930236
ck_d5ef1f6e34bb35b8,0.03301530019906508
ck_ff42557857ae3aeb,0.012794033972685333
ck_ad9a18f58589faa7,0.029089917031415426
ck_df1a6edaa3e6b271,0.008342119110881391
ck_99021fe7225b5a68,0.0860790042116715
ck_99e52c3c2530b69e,0.9923730358014304
ck_3a4811dc4a1a891d,0.034611282873785
ck_ba3a6be026c87079,0.008812817051317881
ck_da6d1e5cf6aba6fd,0.018179763689732585
ck_ddc7c1f3d45fe6e6,0.03690960671424402
ck_e1b1e7a7e4a15b3e,0.06539270617122513
ck_8288f7f226e08b89,0.005256066337529642
ck_c4524993ec31dbe5,0.01657932183679446
ck_8b19bb5b23b6741c,0.009292264787786546
ck_d21b38231a8a9f4a,0.08362628074183152
ck_3f730318a9792292,0.01942676472636425
ck_a4db6e94a8f77f9d,0.04255710316915633
ck_a8cac8d480306839,0.018715120668934906
ck_5472214011fbc2a7,0.007670967741968133
ck_7356f47dbbbe7904,0.05460978747790854
ck_16801e628e883d78,0.003108031079262664
ck_0dc1e536231c4860,0.004871634659317547
ck_7cd0634a6e60af83,0.004892094127412916
ck_ef6f8e048ae1bd4b,0.004820241019675976
ck_82f3f744209888ac,0.021584630037706217
ck_f33188c232a03526,0.32474879289648956
ck_4a59f4e10bf45d7f,0.008755242090156082
ck_d96c893721385e4e,0.010800637667987204
ck_f65ab819373edb37,0.013490385137256916
ck_21cac21fc10b7768,0.007045234754291315
ck_139b54e6ccbdd7da,0.12031748784197152
ck_d6f5c8741697abb3,0.031105438603652075
ck_a28d9bb5590d458f,0.14994506109686742
ck_ed26d906883bea0a,0.041948921637208016
ck_227602ad072b838b,0.011627244682816508
ck_39d5f6c17c745ab1,0.0029130010186177867
ck_744eade757ba69b5,0.018653789532618585
ck_c1295d97cdf35ec2,0.006499402590529229
ck_69105f881da3c821,0.007317538349181918
ck_933789b55361d7c1,0.9088374274421315
ck_b667952253503174,0.04961460186747638
ck_7bf668e25abeeb05,0.0024448603644791206
ck_91742711dfdffd56,0.0355254404232463
ck_af32a0660090dd68,0.04357471170844024
ck_2122f201e65f76ee,0.005022433239921717
ck_f48acb73a5d6af07,0.03940807158142017
ck_337c5684510cf432,0.024777751586429426
ck_f7bde7265053364d,0.026157524728075886
ck_c190c7b924edba75,0.04634340760231112
ck_044fa3b3a003f0b5,0.039313668813964836
ck_87eb43e3b9d96169,0.07159909931647863
ck_2d3d6c9364362017,0.00636129948005808
ck_ac55dc6cbcdf8228,0.0037281662919755073
ck_61d7b0568ec5d6cf,0.023934969642973866
ck_89c74feeaffa7d09,0.034789734511122425
ck_93776b0c113f41f0,0.08307650439845647
ck_15e0b679931f7a8d,0.017391166599405445
ck_77b56c49cfdb1d81,0.06423016767801104
ck_73188a826b5f499f,0.013869592522375403
ck_4f463ef25325ddfa,0.29128193161499255
ck_863db2e394dc47d1,0.6034524909197132
ck_d52432ed597f3cc9,0.02663229579092513
ck_04fb61e5739642f8,0.18650355647209896
ck_2e481d75d110c06d,0.07625379476677745
ck_3fa1a523d77cd619,0.0571604421478872
ck_466dc6274fecd708,0.025527829713448504
ck_e1790b3aa2241b10,0.888286079366606
ck_84ad096a46e1a960,0.0376908929068874
ck_3be72c9c178fa00d,0.01930259481991348
ck_5a17c89219d1d9fe,0.004861520457539134
ck_4f639f4ee6ce8d9e,0.14721928266921658
ck_f4ec4a935e51b4db,0.019253966995487592
ck_f04040a830f92bac,0.050370345161102295
ck_3e4d02a04be2aaf8,0.036543169059827164
ck_4d1baef193cfb900,0.11319292215483308
ck_0fb3153d37626b75,0.020382901609399325
ck_88ec57a11b11f702,0.518925790812607
ck_dca9dc465f759db4,0.009327443270397823
ck_64f5fba6af67e024,0.043577577010189196
ck_896096cb167254ef,0.045132704420090625
ck_7878679065876b98,0.03406899907173587
ck_fe8e5a6c880ceb4e,0.005111709358987322
ck_a5e036327d3d1862,0.0032457085322402184
ck_310f73940fc4cf4f,0.023015231993052766
ck_46a8db16ad00b749,0.010646576604054046
ck_0d33977c3de8cfaf,0.9961174776257572
ck_c6fff412f531db0f,0.006824776497682903
ck_bac6dadf428eaea9,0.014430150495946205
ck_1b96d9af0d7da2d5,0.005865590269409487
ck_fa8a4a9e77799fcc,0.003285683556804765
ck_0bf48607a874b4d1,0.01341996616757425
ck_eeb75f8a6439f65e,0.032159484531598774
ck_a209a5f7d172125e,0.009068975075003377
ck_8f346b72fb40bf14,0.00485595360294646
ck_bccbf9fef367f00f,0.006960186183686448
ck_2d1548f1ee405cc9,0.08673089754908225
ck_e8298ff2dc1e9d50,0.003043405568340145
ck_77c0fb524edb4a94,0.016351200994240676
ck_28ac4c5134cb8e77,0.04893527896725288
ck_db23a0e3e54be60c,0.0785586421535539
ck_a059d00cee5cee99,0.049861554732726535
ck_3e9e3bba8bd363af,0.03755400878168632
ck_0428728df24cdab4,0.004252514903380262
ck_88cd35378075c84f,0.016207437321509
ck_0174d76398d9dc0f,0.4364217252970418
ck_3f1287e6c27de0dc,0.017424657885867372
ck_ff822700f3605e06,0.9977115766959774
ck_4563227b2038ae07,0.0717260102650123
ck_788e78065526ee19,0.011564461977105695
ck_8a16eb584093b12f,0.01831263152446359
ck_cc276f71ab6c08fd,0.028889036466534866
ck_d61d97b21002f3e9,0.039788597201553165
ck_4b2e87d86a5e415c,0.027551401675014884
ck_3e6f35e4500d2f2a,0.003095336371848551
ck_3acdb083e0d8ad61,0.014499409034102892
ck_cd655202db489010,0.025560868196648046
ck_829cbf5ccda481ae,0.0054544033579072195
ck_f5882e6f98b8b4cd,0.023338105267976243
ck_767947540b234add,0.024106849468315115
ck_a6e8e8f535b1f1d1,0.06396139000225322
ck_58412a2674fea506,0.006572786337812391
ck_fae7e518a585fa61,0.01632274934762749
ck_9c60ae6958d68dbd,0.2141879736135338
ck_328696b8f5e54ec6,0.11186851058770217
ck_7df3f8f4f1068d62,0.03732153150109139
ck_cfadd21458230ef7,0.012495159968836154
ck_7048bedd554c703b,0.032351763131524144
ck_50422466f145bfd7,0.022913147212166748
ck_61e1f7168cd9ff25,0.035969000907653335
ck_733aff0f56f5b3c9,0.02288796327449329
ck_e14892e424180549,0.01433842929818856
ck_03f6664a96de7d0f,0.04998620453255415
ck_b7f4baa2cc82fe61,0.009212360474811785
ck_1e51199a075ca0fa,0.007950633876091205
ck_0e70516fa07cfb17,0.7306986266188655
ck_0f37c554a5057801,0.07369158821336942
ck_5576b725de38d106,0.006121939494900497
ck_82f360df1e9f4eb8,0.03454203171440334
ck_395f3bd4aacd7ca6,0.015218859977269386
ck_5e8e857b63966609,0.1036922973925672
ck_93470896f0804b6b,0.9689577306720986
ck_3be854e42e76569a,0.020114391406987855
ck_0567302c57a2417e,0.1480660752618078
ck_ee535461b5f05539,0.4254251055753625
ck_94a096c36162a153,0.015223368842828544
ck_dfc8f5c141fd7c63,0.023075664053443357
ck_98b34f2d704c1c2a,0.0186678618902312
ck_96dff7a09d45f116,0.020342450872733762
ck_79557434c129ba52,0.14187878038016305
ck_4596624a7c01d501,0.005134235932250769
ck_04e89fbd739243fa,0.00649729892671448
ck_6149ffaf18872dc8,0.0031763574994194406
ck_cd78f0832a09bd8f,0.06461457781608898
ck_7e29c10d781c3b41,0.010245072875729374
ck_1f7ee7b23fc6f2f4,0.00954022456708992
ck_c49b685d2b3ab89a,0.019516269634984384
ck_84569a8fc50e73ac,0.017902720805335438
ck_b92b11d205af91eb,0.01192094339629581
ck_06280e6d6d2485b0,0.004283411337433538
ck_3c08546dd0c92863,0.012384342800934773
ck_99d3983f907828bf,0.06300273331714622
ck_eccfd552aa652d3c,0.022502893854791158
ck_0cff8153881875ba,0.04005103563377239
ck_c1aebbeca6ab5ff9,0.0061670671316258205
ck_538fdbbb3c2bcbbb,0.01389567633036518
ck_8c0210322733c718,0.02051358325910946
ck_0b0c93039f987abc,0.029431716965203972
ck_6d07d6d1bd227d37,0.04428973805695797
ck_9b6ee35e8cd0b11c,0.02911966973792199
ck_d838491d3d4f5ecf,0.01968266220237604
ck_0593ae243a9ebee9,0.020682124850904572
ck_ef261fc09be8eb0b,0.006018293559314517
ck_d0935b571a4a3868,0.00879728653754735
ck_97d04a67a104af39,0.015877140596003852
ck_e25f70d0b7229420,0.023062738052310516
ck_9b71274ff83de482,0.9635552505855889
ck_6de2aa2bb60978d3,0.03454500185486555
ck_eda55c8fb47593d7,0.009686903564483148
ck_924e572517515f19,0.3490476382137261
ck_d6f27eacbad310f4,0.007265003711728848
ck_8550f229b5eb03ab,0.010360000604322258
ck_e3e95546a84d0ed8,0.05191444860473542
ck_3135c019696ee6af,0.7936206405692843
ck_41ba315d8fccb559,0.014325953018641115
ck_72b86e4485da2d0f,0.9794567701983515
ck_daaa995f3c2f0e47,0.030062776283291938
ck_053746067839696b,0.0172366312722105
ck_a15fe7d0f4b65c33,0.5471970236321487
ck_15de11438732bb05,0.020030987883845826
ck_2c4d25acbe3fabd9,0.0232108698560259
ck_7f08078908599bd2,0.2273579419574431
ck_e794741742fb2619,0.027375007188344243
ck_238e53b6dee8c301,0.00991323633039425
ck_53a6a33060d5c8b8,0.020451106323232715
ck_0e0919292ad33472,0.5465343187119082
ck_d86ccf148c06c8c8,0.0405343275272859
ck_c881f26c9bf9ae42,0.5697656613346403
ck_4b0947bf94e9d847,0.02542318389860569
ck_e10ff5c38bd18470,0.035993701433810095
ck_b60de9e97aad9e45,0.7814266504609882
ck_190bc849e5ff5401,0.04772051014230225
ck_e7be077aa0b2632c,0.031893363961594465
ck_a51abde881ebeff3,0.027668541615978003
ck_2208392a9f6bd249,0.013119725720031682
ck_0259da8f109017e9,0.033853282211727814
ck_05e01ab9c95449da,0.0683695849886805
ck_c82897ebffb6ae66,0.010024088118571538
ck_b4a6bb4689cd7cfa,0.0321616298290354
ck_9e21ea33018ce538,0.014867233232396287
ck_caa348f0e65db062,0.759305929613354
ck_a964e6b5d8415334,0.49686419883962657
ck_510bfbbee37ff436,0.02049206349426572
ck_9741a82faf5c7889,0.031130809189556307
ck_e7f61b4a39ba98ac,0.012721798882535542
ck_069d158665a53909,0.01868478108004085
ck_6426427efe3228af,0.029484931573333113
ck_ab4a8d02ec3c0fd7,0.005365485258903888
ck_aefa0d8d933e0eca,0.019262226747821912
ck_232325ef6bce92f1,0.013619321454925965
ck_14e58c3fb26a2b4d,0.01191581542739787
ck_06e73afdec26aecc,0.1789773531099519
ck_3168f4f2778d64e1,0.022264405699037502
ck_ff3998d6858daa21,0.009541549742896999
ck_bccff46fb0868454,0.3706066354894609
ck_c7d444d90fa86d7c,0.5457695976478463
ck_f0bc3bdee6bfbb94,0.021677447954770595
ck_f7112818a6d81422,0.025079447548519193
ck_aca35dbcb835ad02,0.07470718033126882
ck_f637fabf0f60528f,0.02071593026292523
ck_53d17ab97de1ac3e,0.030551524011143392
ck_c8c1bf16d9113493,0.05653621970712321
ck_e842fb0cf055a83b,0.11403904836092019
ck_93c0cb3dac4891fe,0.007481070579752389
ck_0c1f088e17e46daf,0.017195598895365673
ck_8f4b384955bf57c9,0.0030456762761704582
ck_09cd5c4df1e81ac2,0.0599221556112355
ck_1e832a5b2342554f,0.1280587497313911
ck_2cb763a881aee27f,0.004706336537973755
ck_5875828b11406398,0.015379598087141814
ck_48e84b0cb0b90fa7,0.017195598895365673
ck_833688de8629c5c0,0.004441624698322528
ck_117d78ccd5820f36,0.012740603031630639
ck_668ec61c4c39cae3,0.0024268507758579447
ck_73a7794b659d7a34,0.024844368954036213
ck_10f90d879209734f,0.026309839824341853
ck_d1d079913aa158bf,0.013964926074972297
ck_01c631b38e8a9535,0.05309426500239047
ck_f6923088c17a04e2,0.08606197536546578
ck_b447badc9138987d,0.009350863499969756
ck_8b772caed8f1541c,0.006548656489889505
ck_5403c76fe68a08ba,0.47777668809590823
ck_3e6833574edf1736,0.022495077272213053
ck_e527fbb9450a4581,0.4882218715423191
ck_cc90e219f1ebf390,0.012098897835185382
